{"type":"FeatureCollection","features":[{"type":"Feature","properties":{"name":"British Columbia"},"geometry":{"type":"MultiPolygon","coordinates":[[[[-114.06384,48.992515],[-122.753017,48.992515],[-122.781809,49.01732],[-122.823232,49.006985],[-122.853017,49.017035],[-122.876047,49.036526],[-122.867747,49.080471],[-122.906606,49.088324],[-123.032826,49.050605],[-123.048573,49.035224],[-123.035308,48.992499],[-123.090506,48.992515],[-123.108306,49.033677],[-123.142974,49.06094],[-123.05427,49.123236],[-123.040679,49.151028],[-123.123402,49.115871],[-123.211985,49.12995],[-123.198313,49.205634],[-123.137603,49.195705],[-123.235911,49.249986],[-123.246897,49.274644],[-123.143056,49.280097],[-123.161936,49.299994],[-123.138539,49.309027],[-123.108632,49.288764],[-123.039418,49.295885],[-122.960846,49.281887],[-122.892486,49.333686],[-122.855702,49.441799],[-122.878285,49.457343],[-122.882395,49.404242],[-122.93814,49.325832],[-123.02066,49.30683],[-123.211985,49.34276],[-123.270009,49.335354],[-123.293935,49.370103],[-123.245473,49.411078],[-123.251129,49.522854],[-123.206899,49.621568],[-123.211985,49.650051],[-123.153961,49.692939],[-123.17101,49.705268],[-123.247426,49.658271],[-123.256418,49.593004],[-123.328033,49.581773],[-123.355336,49.55508],[-123.396596,49.558295],[-123.502675,49.505439],[-123.485707,49.493598],[-123.473215,49.434516],[-123.499867,49.399888],[-123.533559,49.388495],[-123.781117,49.465481],[-123.885569,49.477281],[-123.975453,49.530911],[-124.061106,49.630805],[-124.063832,49.678453],[-124.020131,49.732611],[-123.93928,49.743598],[-123.835113,49.633938],[-123.805084,49.528632],[-123.777089,49.505316],[-123.752594,49.540758],[-123.771637,49.575426],[-123.760081,49.609687],[-123.589752,49.653632],[-123.550201,49.674872],[-123.533518,49.705268],[-123.664459,49.656155],[-123.794545,49.644029],[-123.883616,49.739407],[-123.927602,49.763617],[-123.933705,49.783271],[-123.881825,49.847357],[-123.883616,49.901109],[-123.890614,49.921454],[-123.944976,49.944892],[-123.953603,49.989691],[-123.878082,50.031195],[-123.807851,50.041083],[-123.754547,50.093736],[-123.828359,50.158393],[-123.993479,50.219794],[-123.944976,50.172065],[-123.881459,50.153754],[-123.807851,50.103176],[-123.869252,50.054755],[-123.993153,50.01081],[-123.989003,49.933783],[-123.910878,49.869778],[-123.938222,49.828803],[-124.001129,49.811835],[-124.013295,49.863593],[-124.034413,49.88345],[-124.02302,49.919867],[-124.037465,49.924994],[-124.074778,49.869778],[-124.048166,49.841132],[-124.08495,49.830512],[-124.081614,49.808295],[-124.147817,49.784369],[-124.273997,49.774156],[-124.267486,49.751654],[-124.28303,49.746568],[-124.327219,49.774359],[-124.403717,49.76732],[-124.513254,49.797512],[-124.532216,49.844387],[-124.649729,49.920722],[-124.732167,49.954291],[-124.828928,50.054755],[-124.820383,50.071479],[-124.684885,49.986477],[-124.704457,50.040961],[-124.671864,50.082709],[-124.705393,50.103176],[-124.628326,50.169379],[-124.602935,50.240302],[-124.639882,50.29385],[-124.71345,50.331366],[-124.67748,50.354682],[-124.65982,50.392076],[-124.599721,50.405219],[-124.534047,50.397366],[-124.411204,50.445746],[-124.35676,50.486151],[-124.358998,50.509263],[-124.504262,50.438463],[-124.671986,50.430854],[-124.749908,50.352118],[-124.830149,50.317613],[-124.951772,50.328437],[-124.962717,50.340766],[-124.945546,50.370673],[-124.952138,50.391791],[-125.006988,50.432115],[-124.995188,50.360297],[-125.081532,50.324693],[-125.08552,50.363837],[-125.061635,50.376899],[-125.057444,50.477281],[-124.970448,50.500881],[-124.952992,50.537177],[-124.890981,50.554999],[-124.869862,50.582953],[-124.864003,50.671617],[-124.823638,50.734524],[-124.835683,50.754218],[-124.906361,50.778551],[-124.910471,50.793606],[-124.825063,50.869696],[-124.787262,50.884589],[-124.813832,50.927191],[-124.860585,50.927436],[-124.869862,50.894517],[-124.918284,50.843655],[-124.98648,50.808254],[-124.956166,50.798733],[-124.948638,50.761054],[-124.900014,50.735256],[-124.92512,50.658026],[-124.908193,50.627387],[-125.027496,50.558743],[-125.040395,50.531195],[-125.123687,50.4737],[-125.112416,50.454413],[-125.127838,50.436998],[-125.178334,50.419094],[-125.20816,50.426703],[-125.242665,50.466539],[-125.24352,50.504096],[-125.298695,50.46662],[-125.325429,50.4737],[-125.356679,50.543118],[-125.384389,50.534573],[-125.39745,50.486762],[-125.43224,50.466051],[-125.544097,50.455634],[-125.577056,50.470689],[-125.541249,50.506252],[-125.528432,50.554999],[-125.542063,50.589179],[-125.517445,50.650784],[-125.424713,50.713324],[-125.454579,50.720364],[-125.555572,50.666205],[-125.57726,50.552191],[-125.622304,50.522406],[-125.613189,50.479193],[-125.670237,50.439439],[-125.709543,50.439927],[-125.795277,50.493557],[-125.740061,50.52025],[-125.787221,50.531643],[-126.007721,50.471503],[-126.057362,50.478502],[-126.089508,50.500963],[-126.131215,50.489732],[-126.242258,50.501044],[-126.280629,50.519436],[-126.227773,50.544338],[-126.178863,50.52025],[-126.178863,50.575507],[-125.938629,50.630113],[-125.985341,50.643866],[-126.160308,50.597724],[-126.243764,50.596625],[-126.268951,50.630276],[-126.048492,50.664862],[-125.938954,50.651842],[-125.826405,50.677069],[-125.716461,50.678534],[-125.671783,50.739936],[-125.620229,50.757717],[-125.608144,50.780911],[-125.651275,50.836168],[-125.645416,50.854926],[-125.559682,50.865627],[-125.507314,50.939195],[-125.562571,51.055325],[-125.637034,51.103705],[-125.582997,50.966539],[-125.542063,50.939195],[-125.575592,50.907172],[-125.67927,50.870307],[-125.685658,50.828803],[-125.644439,50.798651],[-125.647694,50.782416],[-125.685414,50.774726],[-125.767405,50.706488],[-125.879628,50.709133],[-125.921254,50.684882],[-125.952952,50.685289],[-125.985097,50.715074],[-126.059071,50.685289],[-126.21227,50.675116],[-126.226674,50.692816],[-126.210072,50.709418],[-126.031239,50.789374],[-126.178863,50.780951],[-126.196441,50.798],[-126.183827,50.867865],[-126.2329,50.843655],[-126.240346,50.863471],[-126.388295,50.851996],[-126.488678,50.816718],[-126.547353,50.837388],[-126.562408,50.877143],[-126.498931,50.922349],[-126.223256,50.905015],[-126.173085,50.938788],[-126.178863,50.953518],[-126.243276,50.928127],[-126.459462,50.951728],[-126.48351,50.964667],[-126.505605,51.011542],[-126.514719,51.076361],[-126.552154,51.005072],[-126.526845,50.955878],[-126.535064,50.941718],[-126.575429,50.90644],[-126.674224,50.87816],[-126.747426,50.890815],[-126.846181,50.943427],[-126.899159,50.906928],[-127.027211,50.90644],[-127.165761,50.939195],[-127.174184,50.92593],[-127.156321,50.915107],[-126.921986,50.87226],[-127.021799,50.821926],[-127.130971,50.866116],[-127.213531,50.877143],[-127.255116,50.918158],[-127.310374,50.912909],[-127.429026,50.943101],[-127.446929,50.953518],[-127.417104,50.970404],[-127.423695,50.983222],[-127.530751,51.00373],[-127.499582,51.095364],[-127.481068,51.109931],[-127.502675,51.119778],[-127.661936,51.09748],[-127.686513,51.109931],[-127.689931,51.128974],[-127.777008,51.167222],[-127.793935,51.197943],[-127.78954,51.233385],[-127.571441,51.300605],[-127.378041,51.275051],[-127.221018,51.289252],[-127.138499,51.322821],[-127.11734,51.398505],[-127.176015,51.336412],[-127.28185,51.302314],[-127.515207,51.316596],[-127.464345,51.353217],[-127.484486,51.357571],[-127.590321,51.329657],[-127.680328,51.336127],[-127.751861,51.321926],[-127.779652,51.330552],[-127.78954,51.350084],[-127.778432,51.364895],[-127.664296,51.398139],[-127.604482,51.456244],[-127.551869,51.470893],[-127.552805,51.497504],[-127.515207,51.528266],[-127.51183,51.607367],[-127.468007,51.628404],[-127.315745,51.655748],[-127.043528,51.668606],[-126.677235,51.645738],[-126.655263,51.655504],[-126.648183,51.679104],[-126.624501,51.678412],[-126.603424,51.713813],[-126.666127,51.802558],[-126.667714,51.766425],[-126.644399,51.720038],[-126.69933,51.665432],[-127.09553,51.704169],[-127.258534,51.685858],[-127.350087,51.713813],[-127.354482,51.688666],[-127.423207,51.671861],[-127.446929,51.685858],[-127.426422,51.706366],[-127.432688,51.754788],[-127.362375,51.780219],[-127.337066,51.857164],[-127.350087,51.870185],[-127.39387,51.783759],[-127.453277,51.774563],[-127.492665,51.698717],[-127.582916,51.711859],[-127.645579,51.700141],[-127.549387,51.672268],[-127.476715,51.675198],[-127.467437,51.662299],[-127.558827,51.618842],[-127.590321,51.576646],[-127.571604,51.528144],[-127.622711,51.478176],[-127.713857,51.45775],[-127.761627,51.494086],[-127.65925,51.514594],[-127.700185,51.535061],[-127.791371,51.526923],[-127.802724,51.537665],[-127.78954,51.555569],[-127.802602,51.603949],[-127.826405,51.5987],[-127.837392,51.644965],[-127.873687,51.673407],[-127.864898,51.737698],[-127.891957,51.81623],[-127.882558,51.865546],[-127.849599,51.920111],[-127.76537,51.953437],[-127.666086,51.959621],[-127.638092,52.083726],[-127.582631,52.127834],[-127.515207,52.152045],[-127.468007,52.141181],[-127.489125,52.098131],[-127.576527,52.093695],[-127.62442,52.02851],[-127.54955,52.082261],[-127.430491,52.088813],[-127.405344,52.104234],[-127.451731,52.181871],[-127.398346,52.196438],[-127.357289,52.229193],[-127.263743,52.246039],[-127.186431,52.309312],[-127.148264,52.319037],[-126.997629,52.297512],[-126.943023,52.253119],[-126.946645,52.212836],[-126.710683,52.04682],[-126.672271,51.987494],[-126.67219,52.047349],[-126.716461,52.076972],[-126.750844,52.127834],[-126.885121,52.194525],[-126.912506,52.227118],[-126.902577,52.25788],[-126.938547,52.305854],[-126.925526,52.336982],[-126.874664,52.3581],[-126.733754,52.371161],[-126.753041,52.393378],[-126.785064,52.397447],[-127.041615,52.337836],[-127.15217,52.350653],[-127.189687,52.387885],[-127.179433,52.412095],[-127.224965,52.456122],[-127.227651,52.522854],[-127.149648,52.579413],[-126.98233,52.644721],[-126.925526,52.73428],[-126.969553,52.829413],[-127.076405,52.885077],[-127.017201,52.813666],[-126.980133,52.724311],[-126.986887,52.710883],[-127.053822,52.653022],[-127.258656,52.55329],[-127.255116,52.5362],[-127.28185,52.515123],[-127.261952,52.484442],[-127.26887,52.46898],[-127.452463,52.41177],[-127.495107,52.358832],[-127.589345,52.330878],[-127.616567,52.298529],[-127.673492,52.303453],[-127.730336,52.276272],[-127.755442,52.281806],[-127.714467,52.3581],[-127.736643,52.354397],[-127.782786,52.303453],[-127.800526,52.256293],[-127.872426,52.21955],[-127.889801,52.277086],[-127.914418,52.285142],[-127.932932,52.316474],[-127.909332,52.347561],[-127.847483,52.371324],[-127.918691,52.450263],[-127.872629,52.504136],[-127.888254,52.515123],[-127.918691,52.48786],[-127.926137,52.446845],[-127.898793,52.405911],[-127.902577,52.385321],[-127.967681,52.322699],[-128.01594,52.346747],[-128.063873,52.405911],[-128.05309,52.485175],[-127.984486,52.521959],[-127.934234,52.505927],[-127.939809,52.529446],[-127.898793,52.542426],[-127.877675,52.584052],[-127.931711,52.560492],[-128.028188,52.547553],[-128.092356,52.513251],[-128.165679,52.405911],[-128.296702,52.27558],[-128.392242,52.296047],[-128.33019,52.330227],[-128.328481,52.386379],[-128.260487,52.402411],[-128.226226,52.460517],[-128.242055,52.57038],[-128.1256,52.752834],[-128.132232,52.873114],[-128.028798,52.916653],[-128.105133,52.912055],[-128.138336,52.926663],[-128.16808,52.863511],[-128.248199,52.803168],[-128.442983,52.827704],[-128.497467,52.894721],[-128.536244,53.080268],[-128.495269,53.097357],[-128.549469,53.109442],[-128.556752,53.12873],[-128.481028,53.145738],[-128.575917,53.150336],[-128.661733,53.242174],[-128.672475,53.22724],[-128.659169,53.200995],[-128.680247,53.192816],[-128.84911,53.278551],[-128.884267,53.326321],[-128.844716,53.371649],[-128.887603,53.377102],[-128.87385,53.40058],[-128.886342,53.426947],[-128.831044,53.488349],[-128.877105,53.486314],[-128.917633,53.458686],[-128.947336,53.485826],[-128.974477,53.556627],[-128.864613,53.5362],[-128.812734,53.572943],[-128.789459,53.570299],[-128.748525,53.495185],[-128.672841,53.453599],[-128.693918,53.488349],[-128.639272,53.474758],[-128.497548,53.387152],[-128.493886,53.344062],[-128.482086,53.398017],[-128.508372,53.412665],[-128.379506,53.447496],[-128.351918,53.481513],[-128.253529,53.452826],[-128.127024,53.450873],[-128.089996,53.43122],[-128.070139,53.398993],[-128.104237,53.337592],[-128.051015,53.373847],[-127.976959,53.342353],[-127.95637,53.318427],[-127.95344,53.265204],[-127.87149,53.228339],[-127.877105,53.250149],[-127.932932,53.28913],[-127.932932,53.337592],[-128.030181,53.38227],[-128.112375,53.465155],[-128.111073,53.488349],[-128.30012,53.481513],[-128.374135,53.503567],[-128.420522,53.452704],[-128.529408,53.433743],[-128.594309,53.473944],[-128.612172,53.504584],[-128.687082,53.519436],[-128.728098,53.570299],[-128.749135,53.562445],[-128.807729,53.615383],[-128.816029,53.650336],[-128.770375,53.721422],[-128.7919,53.760199],[-128.775136,53.798285],[-128.693471,53.821234],[-128.677846,53.85932],[-128.473744,53.841498],[-128.501129,53.862698],[-128.572499,53.860907],[-128.693918,53.899319],[-128.635569,53.971259],[-128.627675,54.013007],[-128.598297,54.030219],[-128.681752,54.000678],[-128.748525,53.920356],[-128.782704,53.920356],[-128.789215,53.892564],[-128.839345,53.865627],[-128.861643,53.830227],[-128.932851,53.776353],[-128.906158,53.844672],[-128.914866,53.857611],[-128.947133,53.810492],[-128.940297,53.865139],[-128.965891,53.89053],[-129.009185,53.899319],[-128.977773,53.866889],[-128.973215,53.777574],[-129.00178,53.762112],[-129.048004,53.812323],[-129.063832,53.810492],[-129.033274,53.749498],[-129.112131,53.721869],[-129.146148,53.67768],[-129.228342,53.632717],[-129.24474,53.530341],[-129.262441,53.522528],[-129.235707,53.492011],[-129.242014,53.447414],[-129.289784,53.385403],[-129.33495,53.396918],[-129.615346,53.577135],[-129.742909,53.680162],[-129.701894,53.672756],[-129.715728,53.695461],[-129.776438,53.721137],[-129.80309,53.755276],[-129.845286,53.755276],[-129.948313,53.837836],[-129.996165,53.851508],[-129.961334,53.888983],[-130.019683,53.875678],[-130.104726,53.947089],[-130.086659,53.970608],[-130.091664,54.081122],[-130.05012,54.156195],[-129.961334,54.166815],[-129.940907,54.132636],[-129.87328,54.085598],[-129.83845,54.030219],[-129.7565,54.002346],[-129.714955,53.953843],[-129.745432,54.008979],[-129.824696,54.051337],[-129.899892,54.128974],[-129.932281,54.16828],[-129.927235,54.187323],[-129.838124,54.222073],[-129.636952,54.181138],[-129.475331,54.235053],[-129.491811,54.251451],[-129.517893,54.247219],[-129.595123,54.200344],[-129.828969,54.242133],[-130.124908,54.160875],[-130.17634,54.195217],[-130.281484,54.214423],[-130.292877,54.237454],[-130.194732,54.263007],[-130.23941,54.286851],[-130.258168,54.34101],[-130.249379,54.406399],[-130.272206,54.3581],[-130.348866,54.333726],[-130.458241,54.348619],[-130.482533,54.373684],[-130.465403,54.444241],[-130.379709,54.461005],[-130.435374,54.502183],[-130.431223,54.567776],[-130.385569,54.565253],[-130.379709,54.577704],[-130.439565,54.623928],[-130.431223,54.632961],[-130.362701,54.61225],[-130.276031,54.519843],[-130.052968,54.337388],[-129.958892,54.322089],[-130.013499,54.334174],[-130.084869,54.392076],[-130.0631,54.478949],[-129.999013,54.494534],[-129.981435,54.515448],[-129.996165,54.523668],[-130.063791,54.501939],[-130.101145,54.426337],[-130.211659,54.493354],[-130.290924,54.570787],[-130.283518,54.58515],[-130.359771,54.632148],[-130.372426,54.664252],[-130.338124,54.693793],[-130.234446,54.711412],[-130.084869,54.673896],[-130.060658,54.643215],[-130.011627,54.619859],[-129.906484,54.609198],[-129.879547,54.620592],[-129.989858,54.63052],[-130.075754,54.693345],[-130.201527,54.728502],[-130.153147,54.824693],[-130.0985,54.84455],[-130.05012,54.893012],[-130.173655,54.84455],[-130.063791,54.954413],[-130.022043,54.973863],[-129.956654,54.957424],[-129.989247,54.920315],[-129.880727,54.955268],[-129.824818,54.995429],[-129.769602,54.975531],[-129.641347,54.989569],[-129.6256,55.009711],[-129.675649,54.994574],[-129.987864,55.005764],[-130.001047,55.022447],[-129.956695,55.101386],[-129.860951,55.177151],[-129.813954,55.259508],[-129.752797,55.287095],[-129.721344,55.349026],[-129.675282,55.378119],[-129.674224,55.401557],[-129.639231,55.441067],[-129.543202,55.437893],[-129.475697,55.464057],[-129.478017,55.483466],[-129.543609,55.455308],[-129.634674,55.461615],[-129.694447,55.413764],[-129.712961,55.420803],[-129.716135,55.465277],[-129.754058,55.501614],[-129.790517,55.598334],[-129.806508,55.624498],[-129.824818,55.619208],[-129.810536,55.540717],[-129.777008,55.479438],[-129.790028,55.434882],[-129.832143,55.404486],[-129.83845,55.372789],[-129.824778,55.367336],[-129.824818,55.38642],[-129.790028,55.400092],[-129.810536,55.380276],[-129.786204,55.356757],[-129.82018,55.335517],[-129.821929,55.290229],[-129.877553,55.248114],[-129.912343,55.16885],[-129.996165,55.099066],[-130.056467,55.009345],[-130.083119,54.996772],[-130.124827,55.005276],[-130.167388,55.085395],[-130.078603,55.192572],[-129.957916,55.273505],[-129.949371,55.293158],[-129.996165,55.338609],[-130.025054,55.465481],[-130.093984,55.552639],[-130.080719,55.685004],[-130.112172,55.701117],[-130.130605,55.736274],[-130.11559,55.779975],[-129.961334,55.920844],[-129.995961,55.933417],[-130.019618,55.907952],[-130.01901,56.002216],[-130.071539,56.084123],[-130.116756,56.105646],[-130.211246,56.089962],[-130.403974,56.121898],[-130.47229,56.22489],[-130.645768,56.261942],[-130.760334,56.345192],[-130.839089,56.372452],[-131.100546,56.407669],[-131.560363,56.594066],[-131.825592,56.593343],[-131.830424,56.664759],[-131.886028,56.737055],[-131.871558,56.79346],[-132.107384,56.858753],[-132.031859,57.028406],[-132.34122,57.080393],[-132.230994,57.19682],[-132.362304,57.3457],[-132.552447,57.499075],[-132.917153,57.880499],[-133.075154,58.007882],[-133.165588,58.147305],[-133.41503,58.330549],[-133.43012,58.372097],[-133.392241,58.403878],[-133.463089,58.462221],[-133.626283,58.546402],[-133.831129,58.718019],[-134.22219,58.842714],[-134.316939,58.903796],[-134.329651,58.963017],[-134.399389,58.974954],[-134.387167,59.036863],[-134.451013,59.097893],[-134.610771,59.144556],[-134.66038,59.181298],[-134.692084,59.235249],[-134.95783,59.280982],[-135.016198,59.336173],[-134.993254,59.381906],[-135.095754,59.418855],[-135.023252,59.477146],[-135.018524,59.559363],[-135.087874,59.606544],[-135.157792,59.623287],[-135.259879,59.698218],[-135.465137,59.789685],[-135.923818,59.666747],[-136.2585,59.621582],[-136.350329,59.592384],[-136.258474,59.556107],[-136.244728,59.528202],[-136.275036,59.486448],[-136.319995,59.459059],[-136.36684,59.449551],[-136.467557,59.461643],[-136.466549,59.287803],[-136.569489,59.172152],[-136.613491,59.15422],[-136.840816,59.148174],[-137.2819,58.98715],[-137.423106,58.907723],[-137.486875,58.900075],[-137.50876,58.914906],[-137.484394,58.991904],[-137.582088,59.206568],[-137.611363,59.239331],[-138.59921,59.753822],[-138.654349,59.805498],[-138.704888,59.898464],[-139.060207,60.000059],[-119.999957,60.000059],[-120.001016,53.822813],[-119.980914,53.790619],[-119.904407,53.775323],[-119.914691,53.715895],[-119.854513,53.697885],[-119.807746,53.704707],[-119.732479,53.623135],[-119.753667,53.604842],[-119.79369,53.602672],[-119.926524,53.614945],[-119.887018,53.566601],[-119.904924,53.521901],[-119.882625,53.507096],[-119.827435,53.508052],[-119.741626,53.399532],[-119.641632,53.353824],[-119.606105,53.378112],[-119.476449,53.356692],[-119.393275,53.364495],[-119.354079,53.283415],[-119.263387,53.198304],[-119.156365,53.182491],[-119.028776,53.134638],[-119.01534,53.142183],[-119.02552,53.175618],[-118.996659,53.236492],[-118.850234,53.183292],[-118.751377,53.115053],[-118.776595,53.053196],[-118.726003,53.061206],[-118.712464,53.039243],[-118.672182,53.034076],[-118.673733,52.965966],[-118.637068,52.929819],[-118.624278,52.886953],[-118.604951,52.877548],[-118.49824,52.899665],[-118.470851,52.862355],[-118.420647,52.840341],[-118.432455,52.790887],[-118.355328,52.748357],[-118.30621,52.677457],[-118.352383,52.628468],[-118.348042,52.616427],[-118.278589,52.559221],[-118.275902,52.515865],[-118.207405,52.482068],[-118.2589,52.445326],[-118.226602,52.370344],[-118.15578,52.395872],[-118.04328,52.408119],[-118.045218,52.444654],[-118.011887,52.485065],[-117.991991,52.484652],[-117.890809,52.425482],[-117.736271,52.391273],[-117.727046,52.372979],[-117.742162,52.330088],[-117.821769,52.279548],[-117.821769,52.262702],[-117.753685,52.200277],[-117.664492,52.181466],[-117.590801,52.13041],[-117.49303,52.14953],[-117.376189,52.134131],[-117.318854,52.181983],[-117.269942,52.045066],[-117.184547,51.987731],[-117.11189,51.965045],[-117.047372,51.915229],[-117.026624,51.85451],[-116.994352,51.835389],[-116.937663,51.719892],[-116.887821,51.705733],[-116.822683,51.712994],[-116.806637,51.728626],[-116.817722,51.748004],[-116.76372,51.791878],[-116.671555,51.805908],[-116.596056,51.708963],[-116.593265,51.664625],[-116.576367,51.644238],[-116.494667,51.616746],[-116.460896,51.568739],[-116.405034,51.54719],[-116.388084,51.4951],[-116.295764,51.450684],[-116.29995,51.379241],[-116.257472,51.314362],[-116.165772,51.298962],[-116.145799,51.26315],[-116.051257,51.241214],[-116.027512,51.219665],[-116.018107,51.142434],[-115.977076,51.114581],[-115.903695,51.087476],[-115.778586,51.072955],[-115.756882,51.03425],[-115.694974,51.01761],[-115.658826,50.979266],[-115.620353,50.970222],[-115.571932,50.900278],[-115.632936,50.884233],[-115.646708,50.852038],[-115.572578,50.834804],[-115.542063,50.79969],[-115.419125,50.754215],[-115.391349,50.71644],[-115.357372,50.732924],[-115.334738,50.725173],[-115.287195,50.666443],[-115.315514,50.648976],[-115.312517,50.635979],[-115.238955,50.581874],[-115.22061,50.550403],[-115.18808,50.547716],[-115.159296,50.57867],[-115.095967,50.58916],[-114.999719,50.562857],[-114.855955,50.407725],[-114.775108,50.354136],[-114.789784,50.327781],[-114.760018,50.287887],[-114.732552,50.203499],[-114.724387,50.126036],[-114.661109,50.064283],[-114.642713,49.972867],[-114.68333,49.95938],[-114.686431,49.907083],[-114.624833,49.780218],[-114.650051,49.759134],[-114.636434,49.729833],[-114.666225,49.696605],[-114.68085,49.635704],[-114.730666,49.618005],[-114.743895,49.58762],[-114.689428,49.547312],[-114.576334,49.5562],[-114.563699,49.538889],[-114.597909,49.444062],[-114.57804,49.394505],[-114.470242,49.333682],[-114.426214,49.264125],[-114.379809,49.257872],[-114.376398,49.204594],[-114.225374,49.185939],[-114.154112,49.148163],[-114.156644,49.103618],[-114.132072,49.080234],[-114.037452,49.034268],[-114.06384,48.992515]]],[[[-127.918691,51.52204],[-127.87149,51.456529],[-127.897532,51.429755],[-127.932932,51.419013],[-128.007639,51.467678],[-128.050282,51.459947],[-128.086049,51.486884],[-128.156606,51.627875],[-128.104319,51.68183],[-128.009877,51.7237],[-127.976552,51.682115],[-127.981353,51.65176],[-127.920318,51.596137],[-127.904897,51.558743],[-127.918691,51.52204]]],[[[-128.138336,51.864],[-128.230377,51.856024],[-128.251047,51.875922],[-128.230621,51.905911],[-128.196034,51.916083],[-128.222239,51.954169],[-128.15925,52.034817],[-127.99885,52.06566],[-127.95344,52.049018],[-127.95344,51.987494],[-128.036,51.843573],[-128.009592,51.795478],[-128.017649,51.772162],[-128.135243,51.747301],[-128.117502,51.801459],[-128.138336,51.864]]],[[[-131.016835,52.107978],[-130.960276,52.104315],[-130.955068,52.07689],[-131.04483,52.061591],[-131.064931,52.083726],[-131.07136,52.060981],[-130.992258,52.013373],[-131.044423,52.02851],[-131.009674,51.980129],[-131.044423,51.973863],[-131.023997,51.946601],[-131.112701,52.001858],[-131.087758,52.031073],[-131.113108,52.042182],[-131.12682,52.111558],[-131.098704,52.156073],[-131.060943,52.147366],[-131.064931,52.130927],[-131.016835,52.107978]]],[[[-128.036,52.165717],[-127.909332,52.158881],[-127.877675,52.171942],[-127.894887,52.13581],[-127.961497,52.082831],[-128.069895,52.080268],[-128.097401,52.097398],[-128.122955,52.151679],[-128.076975,52.145209],[-128.036,52.165717]]],[[[-128.248199,52.021674],[-128.296376,52.105943],[-128.290679,52.124701],[-128.236562,52.187323],[-128.145253,52.19359],[-128.162587,52.073188],[-128.193593,52.056464],[-128.207265,52.021674],[-128.248199,52.021674]]],[[[-128.227773,52.212836],[-128.278391,52.18476],[-128.303538,52.130927],[-128.329823,52.147854],[-128.336673,52.116227],[-128.321517,52.090447],[-128.339757,52.079336],[-128.384268,52.098015],[-128.357846,52.144525],[-128.394574,52.155514],[-128.441712,52.12275],[-128.454672,52.130897],[-128.430069,52.154049],[-128.522442,52.157552],[-128.517978,52.174756],[-128.456544,52.210863],[-128.447298,52.238007],[-128.278879,52.237209],[-128.227773,52.212836]]],[[[-128.097401,52.24079],[-128.173166,52.255072],[-128.055491,52.303453],[-127.98526,52.302069],[-127.960846,52.296047],[-127.907704,52.200873],[-127.932037,52.176215],[-128.071278,52.182318],[-128.091217,52.19359],[-128.086659,52.21601],[-128.033518,52.231513],[-128.021637,52.250678],[-128.097401,52.24079]]],[[[-127.240834,52.426418],[-127.23762,52.365953],[-127.206695,52.350653],[-127.238026,52.312934],[-127.378041,52.248236],[-127.412831,52.255072],[-127.484364,52.210191],[-127.57665,52.186184],[-127.594553,52.156155],[-127.642242,52.138129],[-127.693267,52.067613],[-127.705719,52.043402],[-127.69811,52.004055],[-127.718088,51.988227],[-127.872874,51.954739],[-127.90217,51.968248],[-127.878245,52.083564],[-127.843577,52.117906],[-127.841786,52.168118],[-127.751047,52.25019],[-127.670562,52.255072],[-127.511586,52.312893],[-127.431752,52.387152],[-127.270375,52.43537],[-127.240834,52.426418]]],[[[-128.618235,52.453681],[-128.623158,52.330146],[-128.679596,52.268134],[-128.728098,52.322699],[-128.728098,52.364325],[-128.748525,52.371161],[-128.763824,52.44953],[-128.741119,52.474555],[-128.672841,52.48786],[-128.687082,52.467353],[-128.652943,52.480943],[-128.618235,52.453681]]],[[[-128.562978,52.611396],[-128.550649,52.6647],[-128.472076,52.488267],[-128.497874,52.436347],[-128.534088,52.43594],[-128.698883,52.518134],[-128.719716,52.488349],[-128.757232,52.490302],[-128.817454,52.521959],[-128.80134,52.547024],[-128.734853,52.515123],[-128.700103,52.521959],[-128.721181,52.542426],[-128.70759,52.549262],[-128.738271,52.559801],[-128.732045,52.595526],[-128.562978,52.611396]]],[[[-131.564565,52.727444],[-131.65689,52.721625],[-131.674428,52.706936],[-131.644643,52.713935],[-131.627309,52.693305],[-131.554677,52.7001],[-131.510732,52.730048],[-131.468984,52.73428],[-131.444732,52.702704],[-131.462148,52.659125],[-131.452748,52.64525],[-131.509999,52.631822],[-131.592519,52.665961],[-131.593617,52.638821],[-131.554555,52.614691],[-131.60204,52.59516],[-131.702382,52.721259],[-131.638783,52.737128],[-131.564565,52.727444]]],[[[-128.310374,52.429429],[-128.37857,52.377997],[-128.46642,52.382717],[-128.464223,52.402493],[-128.411,52.439399],[-128.398508,52.467353],[-128.424957,52.487616],[-128.451894,52.630927],[-128.424428,52.715155],[-128.446889,52.741034],[-128.391265,52.796536],[-128.371734,52.795722],[-128.351918,52.717475],[-128.318593,52.687567],[-128.314565,52.588202],[-128.281565,52.498236],[-128.310374,52.429429]]],[[[-128.930084,52.614447],[-128.932485,52.498969],[-128.981272,52.453681],[-128.98648,52.480048],[-129.009185,52.48786],[-129.000559,52.504136],[-129.013824,52.529853],[-129.043365,52.517524],[-129.078114,52.556708],[-129.119252,52.565863],[-129.119049,52.611396],[-129.154693,52.604885],[-129.184153,52.626614],[-129.227691,52.680243],[-129.194203,52.680243],[-129.276112,52.727444],[-129.291982,52.762641],[-129.268666,52.789496],[-129.275054,52.824652],[-129.256988,52.82807],[-129.101796,52.743394],[-128.930084,52.614447]]],[[[-128.288482,52.683743],[-128.322987,52.778754],[-128.235097,52.787665],[-128.190053,52.830146],[-128.173166,52.823635],[-128.21052,52.706732],[-128.274973,52.602525],[-128.287668,52.607367],[-128.288482,52.683743]]],[[[-128.53954,52.708482],[-128.535959,52.766425],[-128.502105,52.872016],[-128.473378,52.853583],[-128.455556,52.789049],[-128.461171,52.775824],[-128.481028,52.78266],[-128.477651,52.70661],[-128.509877,52.653876],[-128.53954,52.708482]]],[[[-129.572092,53.019721],[-129.529775,52.964911],[-129.59203,52.981879],[-129.620513,52.958197],[-129.653472,53.022203],[-129.572092,53.019721]]],[[[-129.564076,53.056342],[-129.519683,53.026597],[-129.543609,53.008612],[-129.570302,53.035875],[-129.601674,53.028469],[-129.687611,53.06387],[-129.564076,53.056342]]],[[[-129.653472,53.132066],[-129.588857,53.071763],[-129.661204,53.069892],[-129.742909,53.132066],[-129.653472,53.132066]]],[[[-129.304067,53.035875],[-129.300364,52.974433],[-129.337961,52.972602],[-129.394928,53.000393],[-129.470937,53.082221],[-129.479604,53.112047],[-129.51537,53.100246],[-129.502675,53.118476],[-129.551747,53.14289],[-129.550445,53.166205],[-129.509836,53.191718],[-129.46109,53.186713],[-129.304067,53.035875]]],[[[-131.112701,52.171942],[-131.127797,52.209133],[-131.147532,52.212836],[-131.140492,52.176907],[-131.174957,52.124498],[-131.201527,52.138373],[-131.215728,52.199774],[-131.277211,52.24079],[-131.237172,52.136054],[-131.279693,52.132392],[-131.34553,52.234565],[-131.356597,52.200385],[-131.380035,52.202948],[-131.517445,52.330227],[-131.55842,52.330227],[-131.537913,52.3581],[-131.575429,52.354397],[-131.586334,52.388577],[-131.574941,52.403306],[-131.503163,52.391669],[-131.511586,52.408515],[-131.568349,52.432563],[-131.603749,52.422919],[-131.657786,52.477851],[-131.760976,52.511664],[-131.882639,52.576158],[-131.902252,52.620347],[-131.929758,52.629625],[-131.928334,52.648871],[-132.010243,52.680243],[-132.086008,52.73428],[-132.045237,52.76496],[-131.969309,52.727444],[-132.017079,52.775214],[-132.004018,52.78266],[-131.922109,52.727444],[-131.941314,52.748481],[-131.938791,52.773139],[-132.017079,52.803168],[-132.086008,52.857733],[-132.060536,52.803453],[-132.11026,52.757148],[-132.133778,52.754706],[-132.240102,52.834052],[-132.242909,52.850816],[-132.223134,52.864569],[-132.288889,52.883002],[-132.342275,52.94245],[-132.259836,52.95775],[-132.180409,52.927314],[-132.167877,52.940334],[-132.202016,52.967597],[-132.140614,52.933498],[-132.161041,52.967597],[-132.113881,53.001166],[-132.180247,52.998521],[-132.231028,53.026353],[-132.346669,53.028469],[-132.339223,53.04267],[-132.48884,53.031684],[-132.509429,53.053656],[-132.497467,53.070014],[-132.551625,53.099107],[-132.532582,53.109809],[-132.565785,53.145738],[-132.373118,53.132717],[-132.295074,53.1612],[-132.246734,53.151923],[-132.0655,53.161282],[-131.941314,53.228339],[-131.797963,53.255601],[-131.765452,53.198798],[-131.784291,53.166205],[-131.719635,53.152981],[-131.681874,53.118476],[-131.64094,53.111029],[-131.59557,53.041938],[-131.63036,53.034898],[-131.669057,53.054877],[-131.82901,53.07685],[-132.004018,53.06387],[-131.941314,53.039293],[-131.922109,52.987494],[-131.90038,53.022203],[-131.836659,53.050279],[-131.62621,52.998114],[-131.595123,52.976549],[-131.627309,52.940334],[-131.613026,52.926663],[-131.694692,52.876858],[-131.800038,52.874823],[-131.877553,52.930325],[-131.922109,52.940334],[-131.948801,52.933498],[-131.894154,52.913031],[-131.983551,52.878241],[-131.900502,52.894721],[-131.873687,52.885077],[-131.852406,52.867174],[-131.877675,52.830797],[-131.856313,52.833889],[-131.82901,52.803168],[-131.660878,52.805732],[-131.653961,52.795722],[-131.771067,52.783271],[-131.797963,52.762152],[-131.82433,52.773179],[-131.853179,52.768378],[-131.804799,52.754706],[-131.839508,52.713772],[-131.781972,52.717353],[-131.729644,52.70067],[-131.692372,52.65412],[-131.687327,52.631008],[-131.709218,52.624986],[-131.659169,52.583441],[-131.620473,52.573188],[-131.660797,52.542426],[-131.592519,52.515123],[-131.555653,52.536566],[-131.537913,52.529446],[-131.539866,52.513129],[-131.468984,52.507717],[-131.483062,52.485175],[-131.414377,52.453681],[-131.448557,52.391669],[-131.397776,52.389797],[-131.387196,52.378119],[-131.407582,52.3581],[-131.352284,52.364325],[-131.34553,52.426418],[-131.248443,52.446926],[-131.247914,52.419827],[-131.28307,52.406968],[-131.304107,52.376451],[-131.304514,52.3581],[-131.249908,52.371161],[-131.254506,52.355292],[-131.325592,52.330227],[-131.340647,52.354438],[-131.359731,52.344428],[-131.318186,52.281806],[-131.30191,52.293647],[-131.242909,52.262152],[-131.215728,52.261298],[-131.260243,52.28974],[-131.256744,52.303453],[-131.225697,52.296047],[-131.184153,52.318427],[-131.142568,52.31623],[-131.085439,52.27558],[-131.099477,52.25609],[-131.18102,52.234565],[-131.009674,52.227118],[-131.037668,52.171942],[-131.112701,52.171942]]],[[[-128.803782,52.70067],[-128.856435,52.659003],[-128.927317,52.672797],[-129.056996,52.741034],[-129.036488,52.762152],[-129.07726,52.778306],[-129.121205,52.84455],[-129.115346,52.878241],[-129.016835,52.85932],[-129.070668,52.892524],[-128.988678,52.933783],[-128.947133,52.974433],[-128.947743,52.998969],[-128.837961,53.035875],[-128.877349,53.072008],[-129.015452,53.145738],[-128.992014,53.096381],[-128.963368,53.104438],[-128.864613,53.035875],[-128.940297,53.022203],[-129.012807,52.946723],[-129.100006,52.902981],[-129.1256,52.931871],[-129.160512,52.930325],[-129.183746,52.94953],[-129.194203,53.004869],[-129.158925,53.074164],[-129.126576,53.081488],[-129.119049,53.070014],[-129.078969,53.11107],[-129.082346,53.201402],[-129.063954,53.231147],[-129.088368,53.291002],[-129.078114,53.302802],[-129.019765,53.310533],[-128.905019,53.293362],[-128.704579,53.174628],[-128.634674,53.163153],[-128.587026,53.113593],[-128.538726,53.019721],[-128.524037,52.891791],[-128.564524,52.743232],[-128.584625,52.741034],[-128.577463,52.700995],[-128.605133,52.665961],[-128.577219,52.659125],[-128.594594,52.614447],[-128.75536,52.603909],[-128.735951,52.656195],[-128.743072,52.763739],[-128.710805,52.836656],[-128.672841,52.864569],[-128.648427,52.916083],[-128.646108,52.96015],[-128.664459,52.970893],[-128.679596,52.963935],[-128.669342,52.907904],[-128.748525,52.913031],[-128.727854,52.853949],[-128.757232,52.834866],[-128.778717,52.730129],[-128.760406,52.669094],[-128.78189,52.669827],[-128.803782,52.70067]]],[[[-129.276723,53.091986],[-129.33137,53.132066],[-129.338775,53.178168],[-129.323883,53.220893],[-129.24942,53.282945],[-129.275746,53.331],[-129.197825,53.321682],[-129.173695,53.302802],[-129.173695,53.261786],[-129.152577,53.228339],[-129.160024,53.186713],[-129.139556,53.104804],[-129.262441,53.104804],[-129.276723,53.091986]]],[[[-128.976796,53.48017],[-128.906402,53.380927],[-128.940012,53.32392],[-129.012807,53.340277],[-129.118479,53.320502],[-129.148183,53.363715],[-129.065785,53.45246],[-129.048451,53.508612],[-128.997222,53.543931],[-128.976796,53.48017]]],[[[-129.74295,53.235297],[-129.737945,53.191352],[-129.769602,53.15941],[-129.817372,53.186713],[-129.858306,53.15941],[-129.939443,53.168891],[-129.993967,53.214179],[-130.009755,53.248196],[-130.075592,53.268988],[-130.094065,53.322577],[-130.155629,53.337226],[-130.164662,53.362779],[-130.19815,53.364895],[-130.222035,53.385403],[-130.32551,53.39997],[-130.413889,53.498603],[-130.338124,53.516303],[-130.364898,53.52733],[-130.449818,53.516791],[-130.527089,53.55268],[-130.515289,53.630357],[-130.444488,53.635403],[-130.261301,53.580634],[-129.973988,53.457994],[-129.882639,53.398179],[-129.74295,53.235297]]],[[[-129.166249,53.385403],[-129.159983,53.627021],[-129.037709,53.69184],[-128.823638,53.708075],[-128.868276,53.667548],[-128.884267,53.576239],[-128.98054,53.584662],[-129.093861,53.508938],[-129.09142,53.450263],[-129.166249,53.385403]]],[[[-130.406361,53.686998],[-130.290924,53.755276],[-130.296376,53.800971],[-130.260894,53.797838],[-130.222035,53.776353],[-130.23469,53.740709],[-130.216786,53.718085],[-130.124745,53.695624],[-130.126454,53.631781],[-130.091664,53.570299],[-130.331858,53.62401],[-130.406361,53.686998]]],[[[-130.252797,53.892483],[-130.18106,53.912909],[-130.030263,53.84809],[-129.830963,53.735419],[-129.674794,53.592719],[-129.515736,53.488349],[-129.616322,53.499091],[-129.639231,53.481513],[-129.478139,53.468329],[-129.426991,53.435004],[-129.402797,53.398366],[-129.336536,53.360615],[-129.345753,53.328067],[-129.325761,53.295911],[-129.328718,53.263449],[-129.3614,53.245541],[-129.406478,53.33222],[-129.429589,53.335635],[-129.459137,53.294827],[-129.512929,53.310696],[-129.483022,53.224107],[-129.585032,53.2237],[-129.659739,53.309638],[-129.639231,53.317084],[-129.67394,53.330064],[-129.659739,53.344428],[-129.714955,53.337592],[-129.762766,53.364895],[-129.766103,53.385403],[-129.796864,53.378485],[-129.830963,53.412665],[-129.821034,53.47134],[-129.896799,53.478095],[-129.871938,53.5362],[-129.888743,53.561713],[-129.927235,53.562893],[-129.886301,53.584621],[-129.940907,53.590766],[-129.912953,53.611274],[-129.938588,53.620429],[-129.985504,53.584621],[-130.030344,53.58161],[-130.057525,53.607856],[-130.033315,53.631293],[-129.978098,53.643012],[-129.871938,53.639228],[-129.946197,53.664293],[-130.075754,53.637641],[-130.091664,53.646064],[-130.0985,53.708075],[-130.202382,53.730292],[-130.214589,53.817328],[-130.290924,53.837836],[-130.252797,53.892483]]],[[[-130.447377,53.981838],[-130.471547,53.910224],[-130.489247,53.899319],[-130.544301,53.910712],[-130.61856,53.965725],[-130.648997,53.949449],[-130.660268,53.967597],[-130.675771,53.961005],[-130.701243,53.920356],[-130.64037,53.885565],[-130.622222,53.856431],[-130.650299,53.837836],[-130.715484,53.857652],[-130.708404,53.905829],[-130.723622,53.920478],[-130.673899,53.989244],[-130.646596,53.989244],[-130.603831,54.025295],[-130.516225,54.056952],[-130.518544,54.068671],[-130.434316,54.081122],[-130.42162,54.100043],[-130.338124,54.071234],[-130.24592,53.996405],[-130.228871,53.953843],[-130.300893,53.902737],[-130.351796,53.837836],[-130.406361,53.837836],[-130.424387,53.871975],[-130.478627,53.84394],[-130.491444,53.877509],[-130.460113,53.892279],[-130.410715,53.953192],[-130.331288,53.967597],[-130.349436,53.999416],[-130.447377,53.981838]]],[[[-132.579416,53.207221],[-132.552113,53.235175],[-132.709788,53.261786],[-132.612904,53.317084],[-132.542633,53.312079],[-132.538442,53.326972],[-132.568959,53.336859],[-132.757558,53.317084],[-132.702952,53.378485],[-132.51887,53.361721],[-132.414906,53.296576],[-132.400136,53.330308],[-132.497467,53.378485],[-132.528961,53.417304],[-132.661366,53.439927],[-132.655263,53.463039],[-132.670562,53.490953],[-132.684682,53.457668],[-132.706532,53.450914],[-132.757558,53.461086],[-132.727528,53.490058],[-132.73644,53.516303],[-132.760976,53.495185],[-132.861887,53.466864],[-132.870229,53.487982],[-132.826487,53.522528],[-132.928863,53.522528],[-132.894114,53.556627],[-132.90803,53.567572],[-132.977284,53.556627],[-132.972401,53.576483],[-132.990631,53.58983],[-132.900217,53.588935],[-132.884185,53.594468],[-132.891103,53.619696],[-133.010813,53.686998],[-132.930776,53.690131],[-132.983713,53.717597],[-132.98351,53.769517],[-133.028676,53.75552],[-133.110422,53.786607],[-133.065419,53.817328],[-133.137441,53.875678],[-133.144399,53.896918],[-133.100819,53.954535],[-133.100738,54.002346],[-133.072865,54.002346],[-133.038075,54.043891],[-133.086537,54.104682],[-133.040517,54.164537],[-133.072865,54.166815],[-133.053375,54.183092],[-132.834381,54.12816],[-132.675649,54.145697],[-132.575673,54.118354],[-132.565785,54.043891],[-132.675201,53.968655],[-132.681304,53.950832],[-132.661366,53.940863],[-132.621002,53.970526],[-132.568105,53.981838],[-132.544667,54.040188],[-132.456532,54.063788],[-132.40685,54.099351],[-132.284006,54.108466],[-132.238393,54.071601],[-132.230377,54.030748],[-132.161041,54.00849],[-132.144521,53.974311],[-132.154897,53.934027],[-132.117014,53.871975],[-132.143951,53.841254],[-132.195872,53.831],[-132.240631,53.777045],[-132.374013,53.762112],[-132.433258,53.726752],[-132.525054,53.703843],[-132.657948,53.690741],[-132.665924,53.676947],[-132.598378,53.670966],[-132.60676,53.631781],[-132.552113,53.66649],[-132.497467,53.646064],[-132.352895,53.672756],[-132.459299,53.6164],[-132.483795,53.577135],[-132.40803,53.613023],[-132.289784,53.622748],[-132.270904,53.639228],[-132.328236,53.648505],[-132.318837,53.672756],[-132.202301,53.655463],[-132.159169,53.699897],[-132.193837,53.773993],[-132.078521,53.892483],[-132.113881,53.930325],[-132.13036,54.010932],[-132.1822,54.043891],[-132.046498,54.022691],[-131.916371,54.040107],[-131.709218,54.118354],[-131.660797,54.166815],[-131.693267,53.991889],[-131.864369,53.799994],[-131.883941,53.697943],[-131.933339,53.618638],[-131.92219,53.563788],[-131.942616,53.521633],[-131.915761,53.45303],[-131.907826,53.358059],[-131.963043,53.282945],[-132.007883,53.253567],[-132.165761,53.245917],[-132.224355,53.230658],[-132.235748,53.207587],[-132.27774,53.214667],[-132.245107,53.196601],[-132.126943,53.200995],[-132.195872,53.15941],[-132.255442,53.161322],[-132.315053,53.198065],[-132.324452,53.165269],[-132.443349,53.145982],[-132.469553,53.151923],[-132.459584,53.184475],[-132.503407,53.167426],[-132.538442,53.179877],[-132.517934,53.193549],[-132.579416,53.207221]]],[[[-130.229156,54.118354],[-130.269846,54.153144],[-130.252797,54.19066],[-130.216461,54.194403],[-130.162506,54.160956],[-130.155873,54.141588],[-130.229156,54.118354]]],[[[-130.654042,54.118354],[-130.697621,54.114936],[-130.80484,54.173651],[-130.776031,54.214097],[-130.756459,54.214545],[-130.649403,54.144599],[-130.654042,54.118354]]],[[[-130.353261,54.267646],[-130.365387,54.242499],[-130.469106,54.303941],[-130.450917,54.327582],[-130.420644,54.331855],[-130.353261,54.267646]]],[[[-130.352122,54.267727],[-130.354237,54.29678],[-130.305043,54.333686],[-130.253041,54.311347],[-130.265045,54.278795],[-130.298451,54.253648],[-130.352122,54.267727]]],[[[-130.760162,54.362006],[-130.769643,54.381171],[-130.756012,54.393866],[-130.715484,54.413804],[-130.687571,54.399604],[-130.69107,54.367092],[-130.760162,54.362006]]],[[[-130.742787,54.605618],[-130.776926,54.55036],[-130.969106,54.461982],[-130.961903,54.539781],[-130.927805,54.591376],[-130.931223,54.622707],[-130.854156,54.630072],[-130.807973,54.611802],[-130.756988,54.633734],[-130.742787,54.605618]]],[[[-130.534657,54.706041],[-130.615102,54.765082],[-130.483551,54.81037],[-130.434316,54.769477],[-130.461781,54.712104],[-130.510081,54.721666],[-130.534657,54.706041]]],[[[-130.208363,54.811103],[-130.222035,54.789984],[-130.201527,54.789984],[-130.208363,54.762641],[-130.23998,54.730536],[-130.377675,54.698188],[-130.340443,54.736884],[-130.208363,54.811103]]],[[[-130.399648,54.769436],[-130.461578,54.831529],[-130.254709,54.969672],[-130.20401,55.021308],[-130.181793,55.031562],[-130.167388,55.016547],[-130.150054,54.969428],[-130.157826,54.94774],[-130.269846,54.831529],[-130.399648,54.769436]]],[[[-123.286936,48.612698],[-123.287953,48.591254],[-123.302887,48.596991],[-123.337473,48.648424],[-123.286936,48.612698]]],[[[-123.369008,48.774237],[-123.407582,48.754055],[-123.458404,48.767401],[-123.427642,48.72956],[-123.461008,48.715399],[-123.531117,48.734361],[-123.549713,48.770738],[-123.533518,48.800971],[-123.569814,48.832424],[-123.571523,48.849758],[-123.54719,48.862372],[-123.586659,48.898017],[-123.59557,48.951809],[-123.43106,48.841946],[-123.488637,48.862291],[-123.496002,48.845526],[-123.369008,48.774237]]],[[[-123.530751,48.941962],[-123.697987,49.082099],[-123.697255,49.10932],[-123.546742,48.976223],[-123.471913,48.938137],[-123.334462,48.902981],[-123.317128,48.869818],[-123.394521,48.872382],[-123.530751,48.941962]]],[[[-123.721262,49.160793],[-123.697092,49.137112],[-123.776682,49.133287],[-123.842844,49.151028],[-123.869781,49.190497],[-123.833852,49.201158],[-123.721262,49.160793]]],[[[-126.006459,49.214057],[-125.93814,49.184882],[-125.968902,49.148749],[-126.011708,49.159125],[-126.035024,49.201809],[-126.006459,49.214057]]],[[[-126.083323,49.314887],[-126.048492,49.267035],[-126.069407,49.25552],[-126.223541,49.277086],[-126.240346,49.301825],[-126.227406,49.307807],[-126.240346,49.34276],[-126.231435,49.378607],[-126.131703,49.396796],[-126.086252,49.363105],[-126.083323,49.314887]]],[[[-123.330678,49.37287],[-123.375885,49.337104],[-123.429433,49.346747],[-123.418121,49.380927],[-123.349965,49.417548],[-123.315175,49.413398],[-123.330678,49.37287]]],[[[-124.232167,49.499335],[-124.171702,49.454739],[-124.317942,49.462958],[-124.361073,49.480048],[-124.355702,49.490383],[-124.379058,49.50727],[-124.354604,49.522406],[-124.232167,49.499335]]],[[[-123.451568,49.445217],[-123.452626,49.508124],[-123.418121,49.530911],[-123.362172,49.540758],[-123.322499,49.48607],[-123.342681,49.442939],[-123.375844,49.438381],[-123.367421,49.453843],[-123.389394,49.467434],[-123.451568,49.445217]]],[[[-124.683746,49.549262],[-124.594146,49.521633],[-124.624501,49.523424],[-124.662913,49.49433],[-124.703765,49.521186],[-124.683746,49.549262]]],[[[-124.79247,49.579739],[-124.690826,49.482856],[-124.746409,49.488471],[-124.825429,49.540107],[-124.836049,49.597724],[-124.79247,49.579739]]],[[[-124.074534,49.74136],[-124.136383,49.656562],[-124.163686,49.659817],[-124.205068,49.705268],[-124.133168,49.753852],[-124.102651,49.746894],[-124.09024,49.770331],[-124.020131,49.780992],[-124.074534,49.74136]]],[[[-124.664418,49.746894],[-124.651723,49.761542],[-124.657582,49.8015],[-124.632639,49.801663],[-124.562001,49.75373],[-124.34789,49.704169],[-124.269765,49.615871],[-124.173207,49.554145],[-124.123158,49.499823],[-124.162262,49.495998],[-124.378407,49.602851],[-124.438832,49.611884],[-124.472564,49.67178],[-124.61441,49.716498],[-124.664418,49.746894]]],[[[-126.6905,49.857123],[-126.617665,49.630805],[-126.638824,49.595038],[-126.679433,49.591783],[-126.806752,49.627387],[-126.973988,49.735989],[-126.961537,49.758531],[-126.933013,49.739407],[-126.908762,49.765082],[-126.855702,49.779853],[-126.98705,49.815131],[-126.969594,49.833482],[-126.768544,49.88345],[-126.72289,49.849799],[-126.6905,49.857123]]],[[[-127.240631,50.021715],[-127.234202,50.005357],[-127.272328,49.977973],[-127.318593,49.999579],[-127.31135,50.02619],[-127.286,50.037055],[-127.240631,50.021715]]],[[[-125.059804,50.115465],[-124.979726,50.188788],[-125.006988,50.232856],[-124.995676,50.232082],[-124.929107,50.169379],[-124.925689,50.127672],[-124.890981,50.069037],[-124.963043,50.048774],[-124.976308,50.021674],[-125.005483,50.017646],[-125.007436,50.072252],[-125.059804,50.115465]]],[[[-125.163075,49.99315],[-125.226715,50.069037],[-125.212473,50.075181],[-125.32372,50.143256],[-125.348948,50.220038],[-125.336008,50.274482],[-125.263173,50.294013],[-125.171457,50.21898],[-125.164662,50.192532],[-125.191274,50.158189],[-125.18517,50.14411],[-125.227651,50.120795],[-125.178334,50.082709],[-125.163075,49.99315]]],[[[-124.840443,50.19831],[-124.925933,50.199856],[-124.965159,50.249213],[-124.917063,50.303453],[-124.815745,50.27383],[-124.815663,50.211575],[-124.765859,50.189154],[-124.753774,50.16828],[-124.832346,50.117377],[-124.869374,50.166327],[-124.828928,50.185045],[-124.840443,50.19831]]],[[[-124.756663,50.219387],[-124.812245,50.239814],[-124.786488,50.277289],[-124.725087,50.304511],[-124.661448,50.262844],[-124.650746,50.224433],[-124.66454,50.19123],[-124.725819,50.163235],[-124.742828,50.204169],[-124.705393,50.274115],[-124.723297,50.292873],[-124.756663,50.219387]]],[[[-125.277008,50.326646],[-125.382192,50.296291],[-125.404205,50.33218],[-125.394358,50.349514],[-125.31371,50.349677],[-125.314849,50.397366],[-125.287953,50.437405],[-125.198842,50.391099],[-125.171498,50.391099],[-125.047963,50.205552],[-125.065338,50.19359],[-125.082753,50.205552],[-125.106068,50.145209],[-125.142201,50.1258],[-125.154408,50.133857],[-125.132069,50.190985],[-125.136098,50.232367],[-125.166982,50.24726],[-125.212473,50.322252],[-125.245839,50.314358],[-125.277008,50.326646]]],[[[-125.502268,50.413804],[-125.635813,50.382514],[-125.743479,50.377346],[-125.783355,50.397406],[-125.546864,50.443427],[-125.506663,50.430813],[-125.502268,50.413804]]],[[[-125.367991,50.461127],[-125.32787,50.433743],[-125.346344,50.402289],[-125.382069,50.3935],[-125.392405,50.367418],[-125.447743,50.353705],[-125.544789,50.377834],[-125.478017,50.429511],[-125.367991,50.461127]]],[[[-125.749135,50.42182],[-125.823638,50.40884],[-125.965443,50.438218],[-125.805816,50.475043],[-125.743235,50.436672],[-125.749135,50.42182]]],[[[-126.537709,50.583808],[-126.518958,50.570016],[-126.614898,50.55268],[-126.650299,50.558743],[-126.670888,50.589586],[-126.537709,50.583808]]],[[[-126.336537,50.603461],[-126.288075,50.603461],[-126.226674,50.569281],[-126.305491,50.534573],[-126.44815,50.519232],[-126.624501,50.534573],[-126.367584,50.582953],[-126.336537,50.603461]]],[[[-126.403798,50.629828],[-126.363515,50.618842],[-126.485422,50.578559],[-126.558502,50.603176],[-126.403798,50.629828]]],[[[-126.894765,50.66592],[-126.833079,50.62523],[-127.15038,50.63996],[-127.107493,50.671088],[-126.894765,50.66592]]],[[[-126.617665,50.672309],[-126.590199,50.679348],[-126.587717,50.701077],[-126.549957,50.732896],[-126.507802,50.739936],[-126.428293,50.794501],[-126.289459,50.828559],[-126.244211,50.816311],[-126.178863,50.7508],[-126.2447,50.717434],[-126.268219,50.685289],[-126.264394,50.664618],[-126.288075,50.654608],[-126.434641,50.669135],[-126.460072,50.664862],[-126.448964,50.650458],[-126.470286,50.644436],[-126.603424,50.654853],[-126.617665,50.672309]]],[[[-126.782135,50.774726],[-126.854848,50.786038],[-126.9051,50.829332],[-126.826283,50.836168],[-126.793446,50.807318],[-126.77066,50.83633],[-126.682444,50.834377],[-126.640981,50.849799],[-126.562408,50.802069],[-126.603424,50.808254],[-126.7412,50.774726],[-126.768544,50.788398],[-126.782135,50.774726]]],[[[-123.390045,48.620429],[-123.280629,48.448391],[-123.30248,48.414293],[-123.357045,48.40058],[-123.437327,48.444648],[-123.480214,48.39232],[-123.511098,48.38052],[-123.554596,48.327948],[-123.550608,48.313056],[-123.595286,48.310045],[-123.59557,48.327948],[-123.65392,48.314276],[-123.733754,48.350775],[-123.890777,48.366889],[-124.437896,48.525539],[-124.390696,48.560736],[-124.401438,48.565253],[-124.445302,48.568183],[-124.485666,48.540229],[-124.665395,48.573228],[-124.816233,48.647121],[-125.093984,48.730048],[-125.18517,48.800971],[-125.07844,48.876166],[-125.011464,48.891995],[-125.013661,48.928127],[-124.98412,48.956],[-124.918284,48.972235],[-124.846995,49.020453],[-124.779408,49.152045],[-124.80842,49.246568],[-124.828928,49.225491],[-124.828033,49.119859],[-124.869862,49.074652],[-124.88801,49.013983],[-124.907704,49.006415],[-125.085846,48.979071],[-125.146881,48.998521],[-125.240387,48.955471],[-125.336008,48.972235],[-125.260854,49.020697],[-125.333404,49.041815],[-125.366282,48.987372],[-125.469472,48.91767],[-125.606557,48.961859],[-125.735829,49.053046],[-125.836252,49.069037],[-125.871693,49.090155],[-125.861562,49.110012],[-125.815785,49.123033],[-125.767568,49.103461],[-125.69225,49.133368],[-125.612945,49.206366],[-125.610341,49.225491],[-125.746693,49.148139],[-125.753733,49.222357],[-125.740549,49.267401],[-125.777333,49.247707],[-125.802113,49.253404],[-125.801991,49.300198],[-125.77477,49.370103],[-125.806304,49.343451],[-125.843739,49.267035],[-125.901194,49.274482],[-125.956044,49.232896],[-125.994374,49.242336],[-126.028066,49.273871],[-125.950917,49.320258],[-125.898997,49.422187],[-125.911977,49.438381],[-125.958485,49.393297],[-125.979237,49.341783],[-126.014394,49.322333],[-126.059071,49.345893],[-126.076487,49.383734],[-126.055084,49.445299],[-126.185699,49.404242],[-126.227122,49.412787],[-126.254791,49.450507],[-126.268219,49.445217],[-126.261301,49.400336],[-126.288075,49.362698],[-126.405019,49.421373],[-126.391184,49.430894],[-126.432118,49.472561],[-126.487375,49.438381],[-126.463938,49.405585],[-126.487375,49.383734],[-126.527821,49.378852],[-126.572662,49.414293],[-126.556264,49.527167],[-126.576772,49.548245],[-126.548818,49.596015],[-126.452545,49.636298],[-126.336537,49.630805],[-126.089508,49.660875],[-126.107493,49.683295],[-126.194976,49.681383],[-126.324371,49.648261],[-126.453236,49.674302],[-126.487375,49.695054],[-126.411204,49.778225],[-126.467356,49.792304],[-126.49356,49.71894],[-126.57311,49.706936],[-126.605214,49.732123],[-126.649729,49.898017],[-126.726389,49.882392],[-126.782948,49.94245],[-126.843617,49.973456],[-126.802642,49.928127],[-126.839467,49.88817],[-126.891591,49.891018],[-126.919342,49.973456],[-126.936147,49.866645],[-127.141916,49.866645],[-127.237538,49.961819],[-127.183583,50.013251],[-127.164296,50.071234],[-127.088735,50.110745],[-127.096913,50.150946],[-127.11734,50.117377],[-127.189687,50.095649],[-127.285268,50.150946],[-127.283315,50.062445],[-127.362538,50.032538],[-127.405344,50.041083],[-127.467437,50.089504],[-127.469472,50.107856],[-127.419016,50.130439],[-127.487904,50.130439],[-127.426422,50.17886],[-127.46345,50.186957],[-127.552805,50.130439],[-127.614166,50.118801],[-127.63561,50.145413],[-127.610829,50.185045],[-127.649892,50.178046],[-127.796376,50.082709],[-127.826527,50.103176],[-127.898101,50.114081],[-127.89684,50.142971],[-127.746978,50.243232],[-127.755116,50.259467],[-127.804311,50.252875],[-127.850982,50.281236],[-127.802602,50.301744],[-127.808909,50.321763],[-127.842681,50.318752],[-127.878,50.342719],[-127.918691,50.322252],[-127.968088,50.342231],[-127.978831,50.357001],[-127.926137,50.425279],[-127.925771,50.462104],[-127.864125,50.45954],[-127.857818,50.4737],[-127.824371,50.466376],[-127.744537,50.486762],[-127.591176,50.485745],[-127.475494,50.383734],[-127.446929,50.376899],[-127.507883,50.465969],[-127.557851,50.492987],[-127.562489,50.521064],[-127.549631,50.543891],[-127.522613,50.541978],[-127.500478,50.567206],[-127.423695,50.581244],[-127.419016,50.603461],[-127.545806,50.570217],[-127.614573,50.603461],[-127.819895,50.611151],[-127.877675,50.630113],[-127.799469,50.589179],[-127.634836,50.579657],[-127.593739,50.558743],[-127.5926,50.543606],[-127.837392,50.49018],[-127.845937,50.506252],[-127.865875,50.504381],[-127.95051,50.477281],[-127.996978,50.474026],[-128.050038,50.495795],[-128.063873,50.479315],[-128.041737,50.459947],[-128.06017,50.452582],[-128.218007,50.530219],[-128.248199,50.596625],[-128.319814,50.609809],[-128.338694,50.647162],[-128.27774,50.669135],[-128.341054,50.664862],[-128.373443,50.682318],[-128.417226,50.771877],[-128.348215,50.805121],[-128.303456,50.802069],[-128.186757,50.845038],[-128.152659,50.836168],[-128.076975,50.870307],[-127.882476,50.866889],[-127.518056,50.779771],[-127.495595,50.762356],[-127.473622,50.698961],[-127.429026,50.751899],[-127.405344,50.747382],[-127.421295,50.728949],[-127.350087,50.678534],[-127.198557,50.621283],[-127.126454,50.620022],[-127.096913,50.596625],[-126.986887,50.587795],[-126.973988,50.582953],[-126.994496,50.569281],[-126.977162,50.562974],[-126.857289,50.559149],[-126.864247,50.530097],[-126.829335,50.548163],[-126.765533,50.54442],[-126.6315,50.507148],[-126.595326,50.480211],[-126.569325,50.479315],[-126.555653,50.500963],[-126.459828,50.47484],[-126.36441,50.486762],[-126.271637,50.466254],[-126.193105,50.469713],[-125.957509,50.395006],[-125.837514,50.387274],[-125.740346,50.356391],[-125.589223,50.370673],[-125.476715,50.339016],[-125.424713,50.294908],[-125.388051,50.198554],[-125.349599,50.14411],[-125.369537,50.138577],[-125.301869,50.106594],[-125.259145,50.064643],[-125.178334,49.924994],[-124.882069,49.724921],[-124.875844,49.677436],[-124.973256,49.684963],[-124.976226,49.668036],[-124.918284,49.630805],[-124.838043,49.517279],[-124.80842,49.506659],[-124.794749,49.472561],[-124.668121,49.443061],[-124.596018,49.391181],[-124.359975,49.356635],[-124.208485,49.308051],[-124.174672,49.314887],[-124.109486,49.280097],[-124.163075,49.271674],[-124.178375,49.26024],[-124.164866,49.254869],[-124.122874,49.26024],[-123.954945,49.229193],[-123.946278,49.208441],[-123.964182,49.20307],[-123.930776,49.143541],[-123.828359,49.12995],[-123.756907,49.042141],[-123.751373,49.027981],[-123.773752,49.020697],[-123.764882,48.987535],[-123.816029,49.012681],[-123.835113,49.00019],[-123.579945,48.821601],[-123.602284,48.797309],[-123.568267,48.794135],[-123.572987,48.746243],[-123.617584,48.763251],[-123.650787,48.753119],[-123.560862,48.712144],[-123.526682,48.678046],[-123.540924,48.636461],[-123.513661,48.595445],[-123.540924,48.554511],[-123.535471,48.540107],[-123.472035,48.575019],[-123.478871,48.636461],[-123.437327,48.650092],[-123.472035,48.684882],[-123.416819,48.691107],[-123.399241,48.681545],[-123.390045,48.620429]]],[[[-127.84557,50.922919],[-127.840199,50.903266],[-127.874989,50.890367],[-127.983022,50.916734],[-127.915395,50.939643],[-127.84557,50.922919]]],[[[-127.611684,51.0751],[-127.526926,51.083726],[-127.541982,51.052151],[-127.591176,51.051907],[-127.611684,51.0751]]],[[[-131.743479,52.840155],[-131.655181,52.830512],[-131.74352,52.811347],[-131.807973,52.814887],[-131.837636,52.840969],[-131.759429,52.857123],[-131.735829,52.853664],[-131.743479,52.840155]]],[[[-132.382558,53.004096],[-132.201894,52.984442],[-132.30309,52.966702],[-132.382558,53.004096]]],[[[-133.061391,54.256252],[-132.966054,54.234198],[-132.978098,54.196926],[-133.000478,54.19009],[-133.020823,54.214911],[-133.081776,54.231757],[-133.061391,54.256252]]],[[[-123.287221,48.812812],[-123.25182,48.790188],[-123.250396,48.766099],[-123.1881,48.756171],[-123.186676,48.736396],[-123.257476,48.739203],[-123.306996,48.764635],[-123.322621,48.812812],[-123.287221,48.812812]]],[[[-123.089019,48.767524],[-123.185292,48.774604],[-123.2235,48.832668],[-123.141428,48.801459],[-123.043772,48.788764],[-123.089019,48.767524]]],[[[-125.861625,49.237385],[-125.797002,49.227035],[-125.786019,49.209254],[-125.801352,49.143888],[-125.841727,49.13378],[-125.879898,49.146046],[-125.887558,49.173101],[-125.914986,49.176295],[-125.914895,49.21329],[-125.861625,49.237385]]],[[[-128.639076,50.80467],[-128.603728,50.819827],[-128.572578,50.795158],[-128.615888,50.782817],[-128.639076,50.80467]]],[[[-128.70214,50.836559],[-128.662177,50.825032],[-128.670489,50.818889],[-128.655007,50.808795],[-128.704444,50.807223],[-128.715842,50.814413],[-128.70214,50.836559]]],[[[-127.83436,50.878723],[-127.713458,50.913003],[-127.688185,50.900899],[-127.655989,50.837846],[-127.83436,50.878723]]],[[[-128.486965,51.953658],[-128.417416,52.003489],[-128.432399,51.902355],[-128.445486,51.898105],[-128.45437,51.917368],[-128.478828,51.906844],[-128.492687,51.92604],[-128.486965,51.953658]]],[[[-129.432788,52.68312],[-129.400103,52.679527],[-129.402445,52.646643],[-129.449572,52.643997],[-129.432788,52.68312]]],[[[-129.354662,52.86251],[-129.312018,52.839333],[-129.328924,52.799611],[-129.366192,52.8145],[-129.354662,52.86251]]],[[[-130.592115,53.496183],[-130.586966,53.466192],[-130.636068,53.498406],[-130.616523,53.506408],[-130.592115,53.496183]]],[[[-130.609117,53.797011],[-130.617216,53.823191],[-130.569379,53.836742],[-130.509821,53.826307],[-130.419964,53.783274],[-130.437885,53.756889],[-130.497272,53.765167],[-130.512746,53.793474],[-130.553257,53.784382],[-130.609117,53.797011]]],[[[-130.817562,54.486324],[-130.790006,54.493734],[-130.728455,54.437835],[-130.729567,54.420801],[-130.784743,54.412253],[-130.823449,54.420858],[-130.828566,54.438728],[-130.870027,54.434751],[-130.817562,54.486324]]],[[[-131.09876,54.627962],[-131.05684,54.625717],[-131.049953,54.606029],[-131.090905,54.58224],[-131.09876,54.627962]]]]}},{"type":"Feature","properties":{"name":"Alberta"},"geometry":{"type":"Polygon","coordinates":[[[-109.999321,48.992618],[-114.06384,48.992515],[-114.037452,49.034268],[-114.147704,49.093774],[-114.154112,49.148163],[-114.225374,49.185939],[-114.376398,49.204594],[-114.379809,49.257872],[-114.426214,49.264125],[-114.470242,49.333682],[-114.57804,49.394505],[-114.597909,49.444062],[-114.563699,49.538889],[-114.576334,49.5562],[-114.689428,49.547312],[-114.743895,49.58762],[-114.730666,49.618005],[-114.68085,49.635704],[-114.666225,49.696605],[-114.636434,49.729833],[-114.650051,49.759134],[-114.624833,49.780218],[-114.686431,49.907083],[-114.68333,49.95938],[-114.642713,49.972867],[-114.661109,50.064283],[-114.724387,50.126036],[-114.732552,50.203499],[-114.760018,50.287887],[-114.789784,50.327781],[-114.775108,50.354136],[-114.855955,50.407725],[-114.999719,50.562857],[-115.095967,50.58916],[-115.159296,50.57867],[-115.18808,50.547716],[-115.22061,50.550403],[-115.238955,50.581874],[-115.312517,50.635979],[-115.315514,50.648976],[-115.287195,50.666443],[-115.334738,50.725173],[-115.357372,50.732924],[-115.391349,50.71644],[-115.419125,50.754215],[-115.542063,50.79969],[-115.572578,50.834804],[-115.646708,50.852038],[-115.632936,50.884233],[-115.571932,50.900278],[-115.620353,50.970222],[-115.658826,50.979266],[-115.694974,51.01761],[-115.756882,51.03425],[-115.778586,51.072955],[-115.903695,51.087476],[-115.977076,51.114581],[-116.018107,51.142434],[-116.027512,51.219665],[-116.051257,51.241214],[-116.145799,51.26315],[-116.165772,51.298962],[-116.257472,51.314362],[-116.29995,51.379241],[-116.295764,51.450684],[-116.388084,51.4951],[-116.405034,51.54719],[-116.460896,51.568739],[-116.494667,51.616746],[-116.576367,51.644238],[-116.593265,51.664625],[-116.596056,51.708963],[-116.671555,51.805908],[-116.76372,51.791878],[-116.817722,51.748004],[-116.806637,51.728626],[-116.822683,51.712994],[-116.887821,51.705733],[-116.937663,51.719892],[-116.994352,51.835389],[-117.026624,51.85451],[-117.047372,51.915229],[-117.11189,51.965045],[-117.184547,51.987731],[-117.269942,52.045066],[-117.318854,52.181983],[-117.376189,52.134131],[-117.49303,52.14953],[-117.590801,52.13041],[-117.664492,52.181466],[-117.753685,52.200277],[-117.821769,52.262702],[-117.821769,52.279548],[-117.742162,52.330088],[-117.727046,52.372979],[-117.736271,52.391273],[-117.890809,52.425482],[-117.991991,52.484652],[-118.011887,52.485065],[-118.045218,52.444654],[-118.04328,52.408119],[-118.15578,52.395872],[-118.226602,52.370344],[-118.2589,52.445326],[-118.207405,52.482068],[-118.275902,52.515865],[-118.278589,52.559221],[-118.348042,52.616427],[-118.352383,52.628468],[-118.30621,52.677457],[-118.355328,52.748357],[-118.432455,52.790887],[-118.420647,52.840341],[-118.470851,52.862355],[-118.49824,52.899665],[-118.604951,52.877548],[-118.624278,52.886953],[-118.637068,52.929819],[-118.673733,52.965966],[-118.672182,53.034076],[-118.712464,53.039243],[-118.726003,53.061206],[-118.776595,53.053196],[-118.751377,53.115053],[-118.850234,53.183292],[-118.996659,53.236492],[-119.02552,53.175618],[-119.01534,53.142183],[-119.028776,53.134638],[-119.156365,53.182491],[-119.263387,53.198304],[-119.354079,53.283415],[-119.393275,53.364495],[-119.476449,53.356692],[-119.606105,53.378112],[-119.641632,53.353824],[-119.741626,53.399532],[-119.827435,53.508052],[-119.882625,53.507096],[-119.904924,53.521901],[-119.887018,53.566601],[-119.926524,53.614945],[-119.79369,53.602672],[-119.753667,53.604842],[-119.732479,53.623135],[-119.807746,53.704707],[-119.854513,53.697885],[-119.914691,53.715895],[-119.904407,53.775323],[-119.980914,53.790619],[-120.001016,53.822813],[-119.999957,60.000059],[-109.999973,60.000059],[-109.999321,48.992618]]]}},{"type":"Feature","properties":{"name":"Saskatchewan"},"geometry":{"type":"Polygon","coordinates":[[[-101.36434,48.99267],[-109.999321,48.992618],[-109.999973,60.000059],[-102.001598,60.000059],[-102.001055,55.81649],[-101.36434,48.99267]]]}},{"type":"Feature","properties":{"name":"Manitoba"},"geometry":{"type":"Polygon","coordinates":[[[-95.161887,49.001145],[-101.36434,48.99267],[-102.001055,55.81649],[-102.001598,60.000059],[-94.803131,60.000067],[-94.786936,59.991319],[-94.82136,59.948106],[-94.800608,59.943549],[-94.81428,59.923041],[-94.779408,59.83869],[-94.793121,59.820014],[-94.773305,59.789618],[-94.807444,59.717597],[-94.798492,59.659369],[-94.821889,59.650336],[-94.819447,59.638658],[-94.803375,59.59809],[-94.759023,59.566759],[-94.781239,59.562201],[-94.793121,59.525824],[-94.757151,59.501776],[-94.757924,59.467231],[-94.724233,59.443834],[-94.73469,59.429511],[-94.71642,59.375352],[-94.738515,59.347724],[-94.660146,59.358751],[-94.772206,59.298041],[-94.766469,59.28559],[-94.786936,59.265082],[-94.774281,59.252631],[-94.786936,59.23786],[-94.779449,59.203681],[-94.793121,59.189399],[-94.773305,59.168891],[-94.793121,59.093817],[-94.842437,59.081122],[-94.967275,59.085924],[-94.999176,59.052802],[-94.804026,59.063056],[-94.807444,59.018134],[-94.723704,59.004218],[-94.694,58.983466],[-94.683258,58.950385],[-94.694081,58.916938],[-94.735097,58.877794],[-94.745961,58.833116],[-94.650014,58.884996],[-94.608144,58.881537],[-94.48526,58.820054],[-94.436879,58.723822],[-94.362457,58.71894],[-94.293528,58.744371],[-94.300282,58.757392],[-94.265533,58.792182],[-94.204091,58.806464],[-94.232045,58.785346],[-94.238271,58.734117],[-94.207997,58.683783],[-94.263783,58.649237],[-94.308502,58.575141],[-94.287709,58.520819],[-94.300649,58.481269],[-94.28661,58.43651],[-94.334381,58.381415],[-94.330312,58.3369],[-94.361724,58.223009],[-94.232045,58.401109],[-94.246734,58.590806],[-94.163157,58.682929],[-94.166127,58.724311],[-94.142893,58.736802],[-94.177398,58.77912],[-93.881947,58.757392],[-93.717437,58.792182],[-93.555776,58.763251],[-93.496002,58.773505],[-93.473459,58.755235],[-93.464711,58.717515],[-93.409088,58.705064],[-93.326487,58.759955],[-93.211252,58.766547],[-93.155751,58.744371],[-93.131825,58.672349],[-93.140736,58.639757],[-93.123443,58.512885],[-93.050771,58.422349],[-93.032582,58.367011],[-92.984039,58.313056],[-92.937245,58.223009],[-92.861684,58.17182],[-92.866078,58.145941],[-92.835072,58.090806],[-92.807769,58.075751],[-92.805735,57.997667],[-92.756988,57.865912],[-92.785797,57.839423],[-92.73058,57.825751],[-92.669097,57.716498],[-92.615956,57.671251],[-92.559234,57.586127],[-92.559234,57.544542],[-92.507721,57.520982],[-92.456858,57.448961],[-92.423573,57.354438],[-92.439524,57.253282],[-92.597157,57.048326],[-92.704905,56.95539],[-92.881988,56.914537],[-92.676584,56.941881],[-92.490956,57.038072],[-92.242421,57.074693],[-92.218129,57.062812],[-92.340199,56.982856],[-92.42398,56.96544],[-92.47053,56.935045],[-92.337392,56.95954],[-92.2235,57.02147],[-91.961659,57.060248],[-91.766591,57.114691],[-91.031117,57.264635],[-90.853668,57.261094],[-90.689117,57.229926],[-90.58552,57.229926],[-90.515207,57.201646],[-90.409291,57.187486],[-90.380605,57.154608],[-90.072255,57.060858],[-89.962961,57.003974],[-89.482533,56.921983],[-89.393788,56.928168],[-89.188344,56.872992],[-89.107289,56.86994],[-89.036244,56.842515],[-88.947,56.853217],[-89.980523,56.21507],[-91.378396,55.315978],[-92.600156,54.479647],[-93.620171,53.746901],[-95.153773,52.82135],[-95.161887,49.001145]]]}},{"type":"Feature","properties":{"name":"Ontario"},"geometry":{"type":"MultiPolygon","coordinates":[[[[-89.340382,47.984152],[-89.780975,48.017199],[-89.92045,47.98746],[-89.995329,48.018595],[-90.073257,48.101199],[-90.120386,48.115359],[-90.542014,48.083733],[-90.586843,48.104817],[-90.750347,48.083991],[-90.786469,48.10045],[-90.812307,48.160989],[-90.849721,48.189566],[-90.840678,48.220107],[-90.873802,48.234344],[-91.071103,48.170859],[-91.276362,48.064768],[-91.427929,48.036449],[-91.487098,48.053476],[-91.574845,48.048205],[-91.589676,48.088332],[-91.716438,48.112051],[-91.695509,48.13758],[-91.744137,48.179593],[-91.975492,48.236566],[-92.007997,48.262482],[-92.043421,48.334596],[-92.070499,48.346714],[-92.281598,48.33178],[-92.303095,48.310928],[-92.291029,48.249562],[-92.371851,48.222587],[-92.462465,48.329299],[-92.467581,48.394282],[-92.490629,48.433117],[-92.526932,48.445623],[-92.704052,48.445158],[-92.718909,48.459782],[-92.710641,48.482882],[-92.627468,48.502777],[-92.648604,48.536263],[-92.884197,48.579878],[-92.955588,48.612228],[-93.25774,48.630314],[-93.451475,48.597422],[-93.459924,48.557399],[-93.491756,48.542309],[-93.756779,48.516549],[-93.809386,48.543576],[-93.835741,48.617137],[-93.874885,48.636206],[-94.23215,48.652019],[-94.292586,48.711912],[-94.519161,48.70447],[-94.688893,48.778832],[-94.710907,48.807513],[-94.711217,48.914586],[-94.811185,49.166561],[-94.806121,49.210899],[-94.839142,49.308878],[-94.926087,49.345568],[-95.102821,49.35394],[-95.161195,49.373887],[-95.153773,52.82135],[-93.620171,53.746901],[-92.600156,54.479647],[-91.378396,55.315978],[-89.73121,56.371598],[-88.947,56.853217],[-88.891184,56.861274],[-88.862782,56.839464],[-88.823354,56.83515],[-88.838246,56.812201],[-88.724965,56.755113],[-88.643951,56.693427],[-88.523752,56.661689],[-88.31135,56.538031],[-87.979563,56.442857],[-87.953765,56.393785],[-87.850657,56.322821],[-87.717885,56.194566],[-87.709055,56.16002],[-87.589223,56.07982],[-87.626047,56.030707],[-87.61856,56.002753],[-87.57901,56.04621],[-87.500803,56.044867],[-87.484771,56.034613],[-87.488271,56.017035],[-87.355133,56.003607],[-87.365346,55.948188],[-87.316274,55.962348],[-87.056874,55.92829],[-86.980092,55.93358],[-86.953847,55.92829],[-86.968129,55.914618],[-86.953725,55.908555],[-86.874908,55.911322],[-86.718332,55.869005],[-86.289346,55.72565],[-85.904273,55.662049],[-85.696443,55.603784],[-85.43916,55.42843],[-85.127919,55.349799],[-85.126617,55.302558],[-85.199127,55.284003],[-85.220286,55.248643],[-85.271799,55.225653],[-85.322662,55.153673],[-85.389027,55.112128],[-85.398427,55.095649],[-85.385365,55.067694],[-85.417307,54.999213],[-85.366363,55.038886],[-85.324615,55.123236],[-85.199127,55.242418],[-85.053944,55.294135],[-84.946401,55.295152],[-84.613149,55.245185],[-84.42162,55.281928],[-84.227162,55.297065],[-84.07901,55.277452],[-83.929067,55.326524],[-83.767568,55.281317],[-83.72997,55.259508],[-83.736643,55.224555],[-83.716298,55.22191],[-83.698964,55.248643],[-83.651194,55.229356],[-83.61148,55.232164],[-83.566884,55.190741],[-83.588287,55.156806],[-83.561147,55.133165],[-83.572377,55.154771],[-83.558013,55.184678],[-83.582875,55.232489],[-83.713246,55.276557],[-83.575307,55.26732],[-83.483632,55.239569],[-83.225942,55.22191],[-83.185048,55.201483],[-83.039703,55.238959],[-82.975697,55.239081],[-82.920318,55.220526],[-82.897613,55.17414],[-82.95165,55.112738],[-82.877187,55.160509],[-82.762929,55.145128],[-82.644399,55.17414],[-82.56664,55.147895],[-82.540761,55.146837],[-82.547597,55.167914],[-82.529368,55.167589],[-82.416127,55.116034],[-82.411041,55.092231],[-82.321034,55.071112],[-82.342763,55.105292],[-82.311391,55.118598],[-82.355824,55.167914],[-82.252268,55.117906],[-82.282704,55.028144],[-82.256459,54.9831],[-82.272694,54.937812],[-82.253407,54.886176],[-82.208363,54.875922],[-82.201405,54.83393],[-82.315338,54.57746],[-82.417226,54.388983],[-82.444488,54.365424],[-82.427113,54.317694],[-82.427317,54.212388],[-82.371653,54.15058],[-82.383046,54.12519],[-82.324045,54.12226],[-82.242584,54.06505],[-82.126047,53.812201],[-82.143463,53.745347],[-82.200795,53.670478],[-82.219228,53.604438],[-82.206125,53.590074],[-82.20816,53.526597],[-82.148752,53.426337],[-82.11441,53.289008],[-82.140126,53.258734],[-82.250559,53.212958],[-82.289703,53.110175],[-82.303456,53.032701],[-82.283274,52.991645],[-82.301178,52.967597],[-82.04186,52.842841],[-81.988149,52.798448],[-81.985829,52.768378],[-81.918202,52.680365],[-81.815907,52.633653],[-81.679799,52.510932],[-81.563832,52.456244],[-81.574941,52.412095],[-81.554514,52.353095],[-81.478749,52.303453],[-81.606557,52.313666],[-81.735422,52.27558],[-81.753896,52.251166],[-81.82018,52.259385],[-81.86913,52.234565],[-81.82136,52.24079],[-81.882802,52.19359],[-81.832509,52.199286],[-81.746816,52.241889],[-81.512034,52.239325],[-81.465077,52.220323],[-81.355214,52.104234],[-81.27066,52.09101],[-81.156606,52.042792],[-81.098704,52.054633],[-80.979115,52.001817],[-80.920888,51.90941],[-80.82079,51.884508],[-80.594879,51.711371],[-80.519154,51.53502],[-80.440297,51.477281],[-80.429799,51.357164],[-80.628041,51.29564],[-80.704701,51.240831],[-80.745513,51.188422],[-80.861806,51.144639],[-80.909413,51.092963],[-80.984853,51.064765],[-81.012603,51.035386],[-80.940012,51.055609],[-80.930653,51.035386],[-80.951161,51.008124],[-80.917144,51.030097],[-80.848134,51.123521],[-80.689768,51.161566],[-80.604848,51.218817],[-80.567372,51.265123],[-80.385121,51.341376],[-80.197011,51.299384],[-80.108266,51.296088],[-80.067291,51.267564],[-79.985992,51.255113],[-79.923329,51.206732],[-79.744537,51.123521],[-79.705922,51.064521],[-79.520823,50.942898],[-79.512919,47.596837],[-79.580331,47.451833],[-79.554105,47.391578],[-79.445378,47.274686],[-79.447161,47.131749],[-79.431296,47.086997],[-79.292054,46.928867],[-79.163586,46.823912],[-79.0962,46.704333],[-79.013802,46.638342],[-78.964141,46.533026],[-78.891226,46.470084],[-78.75405,46.401406],[-78.719789,46.347094],[-78.345057,46.28901],[-78.320692,46.265962],[-78.110808,46.262603],[-78.045541,46.238212],[-77.920897,46.235628],[-77.658407,46.1839],[-77.357986,46.058843],[-77.28936,46.000345],[-77.282538,45.947325],[-77.226495,45.890843],[-77.138516,45.839786],[-76.99346,45.790229],[-76.935815,45.794363],[-76.918013,45.811468],[-76.923335,45.883763],[-76.87755,45.895907],[-76.817735,45.885882],[-76.785954,45.861697],[-76.754508,45.74111],[-76.715286,45.721964],[-76.69844,45.661503],[-76.622863,45.565023],[-76.432771,45.522183],[-76.343474,45.473555],[-76.26043,45.484304],[-76.223223,45.519961],[-76.128448,45.52965],[-76.048841,45.515465],[-75.959415,45.468698],[-75.881952,45.399503],[-75.840998,45.387152],[-75.761313,45.40002],[-75.683256,45.468543],[-75.592771,45.479653],[-75.28359,45.57665],[-75.052959,45.595951],[-74.937539,45.63768],[-74.775069,45.632512],[-74.643655,45.656077],[-74.545263,45.608844],[-74.393516,45.572671],[-74.478007,45.316872],[-74.346181,45.220567],[-74.473053,45.164374],[-74.526275,45.091132],[-74.653066,45.042548],[-74.712961,44.999254],[-74.903744,45.005213],[-75.270233,44.863774],[-75.69969,44.581673],[-75.830948,44.464315],[-75.870325,44.408608],[-76.067264,44.347992],[-76.149792,44.304532],[-76.178679,44.278642],[-76.169325,44.242365],[-76.185758,44.225674],[-76.327765,44.18149],[-76.350089,44.151725],[-76.454631,44.084235],[-76.797194,43.64527],[-76.841532,43.625504],[-78.688086,43.631808],[-78.750821,43.617055],[-79.17431,43.464532],[-79.058425,43.277799],[-79.048607,43.170622],[-79.065273,43.105897],[-79.02326,43.058071],[-79.031967,43.013422],[-78.915256,42.947612],[-78.909055,42.930223],[-78.918951,42.889244],[-79.019384,42.802686],[-80.246596,42.365477],[-81.276662,42.208665],[-82.424861,41.676811],[-82.666913,41.669086],[-83.068413,41.847731],[-83.123449,41.920336],[-83.157012,42.000435],[-83.159493,42.046324],[-83.128513,42.239955],[-83.079963,42.305067],[-83.040353,42.331862],[-82.83282,42.398008],[-82.644331,42.557817],[-82.575833,42.571795],[-82.526224,42.619906],[-82.48341,42.719254],[-82.470982,42.790568],[-82.482325,42.835113],[-82.414603,42.983243],[-82.411089,43.051275],[-82.145653,43.576411],[-82.54829,45.334598],[-82.588778,45.371805],[-83.483974,45.771937],[-83.636867,45.773944],[-83.462808,46.007787],[-83.613884,46.115636],[-83.766536,46.106489],[-83.839296,46.119202],[-83.930738,46.066957],[-83.964586,46.063184],[-84.014169,46.115998],[-84.021042,46.151603],[-84.086801,46.201212],[-84.096774,46.224828],[-84.119098,46.314228],[-84.10543,46.347741],[-84.158812,46.433343],[-84.110443,46.526464],[-84.197285,46.546359],[-84.30534,46.501607],[-84.352469,46.522743],[-84.389702,46.520262],[-84.42324,46.511581],[-84.492176,46.456881],[-84.566565,46.461196],[-84.773322,46.633434],[-84.87869,46.897914],[-86.53231,47.581903],[-88.347264,48.298655],[-88.407906,48.304055],[-88.642724,48.25659],[-89.340382,47.984152]]],[[[-79.520823,50.965481],[-79.703603,51.090033],[-79.742665,51.157579],[-79.747141,51.195502],[-79.679514,51.313178],[-79.696767,51.398505],[-79.605051,51.447821],[-79.520823,51.466702],[-79.520823,50.965481]]]]}},{"type":"Feature","properties":{"name":"Qu\u00e9bec"},"geometry":{"type":"MultiPolygon","coordinates":[[[[-71.50408,45.013739],[-74.712961,44.999254],[-74.473541,45.067125],[-74.407135,45.114651],[-74.399566,45.144761],[-74.329498,45.178087],[-74.219472,45.197577],[-74.145619,45.233954],[-74.004384,45.245185],[-73.889231,45.337144],[-73.77595,45.381496],[-73.73469,45.418606],[-73.687367,45.43122],[-73.569163,45.428046],[-73.557281,45.414293],[-73.518951,45.426256],[-73.502594,45.463446],[-73.522043,45.539944],[-73.460601,45.608059],[-73.448842,45.704495],[-73.412831,45.751532],[-73.259348,45.854112],[-73.217275,45.89883],[-73.207387,45.970567],[-73.156117,46.049709],[-73.040598,46.073594],[-72.932607,46.144395],[-72.876047,46.136623],[-72.731028,46.176622],[-72.669423,46.215155],[-72.670644,46.247382],[-72.556264,46.305732],[-72.495961,46.3605],[-72.274322,46.420559],[-72.241567,46.443508],[-72.189931,46.526231],[-72.102447,46.560207],[-72.007395,46.571397],[-71.867096,46.666653],[-71.714182,46.632188],[-71.30248,46.745185],[-71.205068,46.787014],[-71.157948,46.840806],[-70.973622,46.861884],[-70.919667,46.897569],[-70.856923,46.895413],[-70.815338,46.91649],[-70.774322,46.91649],[-70.727162,46.956448],[-70.534901,47.010565],[-70.388173,47.115871],[-70.194895,47.315294],[-70.07608,47.368964],[-70.050364,47.40001],[-70.031077,47.469591],[-70.000356,47.499376],[-69.900746,47.5456],[-69.561879,47.82807],[-69.548004,47.889594],[-69.445465,47.991889],[-69.323964,48.030585],[-69.054433,48.232367],[-68.844553,48.342719],[-68.824778,48.365831],[-68.726064,48.37641],[-68.638539,48.431952],[-68.523346,48.470771],[-68.463287,48.528917],[-68.353586,48.555976],[-68.205637,48.641913],[-68.132721,48.652533],[-68.060292,48.693834],[-67.962026,48.701646],[-67.546783,48.862372],[-67.42516,48.873603],[-67.361806,48.903998],[-67.117543,48.96308],[-66.62206,49.122626],[-66.219309,49.207872],[-65.882802,49.224677],[-65.565785,49.266466],[-64.96349,49.219306],[-64.822621,49.189032],[-64.71345,49.138861],[-64.613393,49.123033],[-64.298736,48.959215],[-64.221181,48.894355],[-64.206451,48.869574],[-64.216786,48.828233],[-64.155344,48.774237],[-64.168813,48.761827],[-64.303334,48.830268],[-64.559397,48.88288],[-64.477447,48.841905],[-64.53893,48.821397],[-64.397206,48.821357],[-64.374094,48.791693],[-64.429067,48.780463],[-64.327952,48.755845],[-64.175038,48.644477],[-64.16218,48.629625],[-64.25768,48.619208],[-64.282135,48.569037],[-64.188832,48.526597],[-64.22053,48.495836],[-64.305531,48.469428],[-64.326039,48.437812],[-64.312367,48.431586],[-64.329091,48.419623],[-64.545155,48.387519],[-64.723256,48.335395],[-64.70401,48.307481],[-64.779368,48.204047],[-64.908844,48.177191],[-64.960357,48.18769],[-64.949818,48.149848],[-64.987864,48.125963],[-65.285553,48.012641],[-65.4322,48.003282],[-65.477406,48.020087],[-65.503407,48.052069],[-65.783844,48.115587],[-65.890452,48.1706],[-65.895741,48.225531],[-66.067047,48.101996],[-66.286855,48.114488],[-66.299794,48.108222],[-66.265045,48.101996],[-66.290028,48.065172],[-66.376129,48.114203],[-66.473297,48.120103],[-66.51537,48.1081],[-66.542795,48.058661],[-66.585072,48.061265],[-66.599965,48.044745],[-66.64391,48.051866],[-66.698801,48.024034],[-66.91914,47.98149],[-66.949396,47.948598],[-66.941903,47.902296],[-66.961644,47.894545],[-67.050372,47.929064],[-67.188038,47.884984],[-67.319891,47.896147],[-67.363712,47.839277],[-67.414872,47.881264],[-67.605971,47.938056],[-67.612844,47.997536],[-68.11346,47.997536],[-68.11346,47.928341],[-68.377862,47.928341],[-68.379154,47.587948],[-68.408093,47.536298],[-68.583844,47.422248],[-69.06356,47.290809],[-69.054023,47.418399],[-69.221972,47.459688],[-69.25091,47.452919],[-70.007763,46.704075],[-70.074323,46.419545],[-70.188398,46.358412],[-70.201886,46.305495],[-70.236173,46.288339],[-70.280899,46.211857],[-70.284801,46.191859],[-70.263329,46.183229],[-70.244002,46.141009],[-70.26444,46.106593],[-70.312629,46.079566],[-70.29201,46.048663],[-70.316298,45.982982],[-70.255939,45.948876],[-70.262528,45.923038],[-70.283173,45.890482],[-70.415232,45.804389],[-70.402442,45.749663],[-70.419315,45.716901],[-70.572406,45.662279],[-70.686792,45.572723],[-70.732009,45.491591],[-70.641316,45.408496],[-70.696739,45.388652],[-70.771877,45.430045],[-70.812986,45.42343],[-70.833837,45.393096],[-70.835258,45.309794],[-70.870243,45.283129],[-70.874351,45.245663],[-70.892412,45.234604],[-70.951608,45.332014],[-70.993155,45.347827],[-71.095242,45.300905],[-71.160329,45.245767],[-71.293396,45.292327],[-71.334323,45.28871],[-71.394888,45.241529],[-71.449045,45.226905],[-71.406567,45.204942],[-71.504752,45.052962],[-71.50408,45.013739]]],[[[-79.520823,50.942898],[-79.423004,50.856635],[-79.358388,50.780463],[-79.352854,50.743354],[-79.334299,50.726915],[-79.339589,50.791815],[-79.520823,50.965481],[-79.519114,51.483507],[-79.56017,51.555528],[-79.468129,51.580186],[-79.346018,51.661811],[-79.323232,51.666978],[-79.255483,51.638739],[-79.244537,51.630927],[-79.285634,51.551988],[-79.275624,51.531602],[-79.184153,51.525702],[-79.128163,51.542548],[-79.011545,51.467393],[-79.005279,51.419013],[-78.97057,51.377427],[-78.935048,51.281602],[-78.960601,51.257921],[-78.953196,51.219224],[-78.912506,51.182481],[-78.847035,51.164496],[-78.919789,51.232978],[-78.90331,51.304389],[-78.862375,51.344184],[-78.826568,51.350084],[-78.879709,51.374498],[-78.882151,51.403266],[-78.793813,51.474473],[-78.690012,51.487291],[-78.713124,51.506537],[-78.812856,51.514594],[-78.819732,51.567979],[-78.792388,51.610785],[-78.84081,51.617011],[-78.867502,51.646837],[-78.92927,51.660468],[-78.942494,51.675116],[-78.936391,51.700141],[-79.038808,51.7685],[-79.014963,51.796129],[-78.923818,51.798204],[-78.840566,51.842271],[-78.833363,51.857164],[-78.868398,51.890326],[-78.892568,51.946763],[-78.747182,51.976874],[-78.719716,52.013983],[-78.696197,52.018256],[-78.709869,52.056464],[-78.649729,52.058661],[-78.634755,52.069444],[-78.655263,52.083726],[-78.591298,52.106147],[-78.531728,52.199774],[-78.546742,52.246649],[-78.408193,52.248236],[-78.467152,52.27558],[-78.552846,52.268134],[-78.558949,52.288804],[-78.499582,52.355821],[-78.531728,52.395331],[-78.509877,52.421373],[-78.54308,52.44005],[-78.51358,52.457953],[-78.515981,52.476752],[-78.566477,52.48786],[-78.5454,52.515123],[-78.575795,52.539374],[-78.652821,52.531724],[-78.649037,52.549262],[-78.667714,52.555976],[-78.717275,52.542426],[-78.709869,52.562934],[-78.765126,52.57038],[-78.690012,52.597724],[-78.730946,52.61754],[-78.709869,52.624986],[-78.724192,52.652289],[-78.785553,52.659125],[-78.762441,52.696031],[-78.819732,52.70067],[-78.778391,52.713813],[-78.785553,52.741034],[-78.850168,52.757392],[-78.8308,52.782538],[-78.735015,52.789171],[-78.730946,52.83043],[-78.780385,52.819648],[-78.690012,52.885077],[-78.79601,52.870917],[-78.855295,52.883897],[-78.901682,52.926622],[-78.874501,52.939805],[-78.867502,52.967597],[-78.80606,52.96015],[-78.785553,52.981879],[-78.825836,52.983873],[-78.857045,53.017157],[-78.893056,53.001654],[-78.984202,53.028428],[-78.915924,53.063829],[-78.977366,53.070014],[-78.915924,53.166205],[-78.937367,53.186713],[-78.901682,53.200995],[-78.928944,53.220893],[-78.88801,53.231757],[-78.899281,53.248236],[-78.922719,53.248155],[-78.895416,53.268622],[-78.952016,53.29149],[-78.937367,53.317003],[-78.964345,53.344428],[-78.944936,53.392279],[-78.991689,53.453599],[-79.063222,53.441962],[-79.05248,53.461046],[-79.114573,53.508857],[-79.070058,53.530626],[-79.030019,53.535102],[-79.046254,53.516303],[-79.00414,53.497667],[-78.956899,53.516303],[-79.032582,53.556627],[-79.019521,53.570868],[-78.960601,53.549791],[-78.923085,53.566718],[-78.98176,53.615424],[-79.066151,53.598212],[-79.038808,53.639228],[-79.023101,53.632066],[-79.007558,53.64765],[-79.046254,53.672716],[-79.013336,53.677314],[-79.019276,53.693915],[-79.156117,53.708075],[-79.048818,53.725653],[-79.038808,53.741645],[-79.062611,53.744086],[-79.063385,53.757148],[-79.046254,53.790025],[-79.073598,53.803656],[-79.01891,53.824164],[-79.05248,53.837836],[-79.013499,53.845893],[-78.901682,53.817328],[-78.928619,53.843451],[-78.971425,53.855089],[-79.066151,53.857652],[-79.066558,53.894273],[-79.107737,53.906114],[-78.991689,53.912909],[-79.022288,53.935981],[-79.135081,53.961371],[-79.042348,53.947211],[-79.025217,53.961371],[-79.076405,53.967597],[-79.038808,53.967597],[-79.048004,53.979682],[-79.100901,53.981798],[-79.059316,53.989244],[-79.073598,54.002305],[-79.04898,54.010118],[-78.964345,54.002305],[-78.979563,54.019232],[-79.137115,54.082994],[-79.292633,54.091051],[-79.169179,54.091051],[-79.175038,54.111518],[-79.107737,54.112128],[-79.128651,54.128526],[-79.107737,54.12519],[-79.100901,54.139472],[-79.142445,54.145697],[-79.046254,54.180487],[-79.101389,54.187608],[-79.238271,54.161689],[-79.238026,54.180487],[-79.285878,54.173651],[-79.320546,54.196723],[-79.382069,54.194078],[-79.326812,54.228217],[-79.334299,54.248725],[-79.305409,54.241563],[-79.285878,54.255561],[-79.408111,54.27086],[-79.443512,54.283515],[-79.415598,54.297187],[-79.424184,54.306952],[-79.463979,54.310167],[-79.463368,54.353339],[-79.504994,54.37226],[-79.491322,54.38585],[-79.498158,54.406358],[-79.450307,54.42003],[-79.504994,54.426825],[-79.490631,54.462592],[-79.519195,54.501939],[-79.553375,54.509385],[-79.529164,54.517076],[-79.539866,54.53502],[-79.601186,54.557196],[-79.529408,54.577216],[-79.525461,54.591376],[-79.582143,54.606391],[-79.601186,54.598131],[-79.580678,54.591376],[-79.635325,54.577704],[-79.593739,54.632921],[-79.690541,54.632921],[-79.648305,54.649726],[-79.670644,54.673896],[-79.699452,54.65294],[-79.765614,54.659613],[-79.643544,54.700751],[-79.642934,54.738227],[-79.628489,54.742174],[-79.641916,54.728461],[-79.616933,54.714667],[-79.292633,54.797431],[-78.967437,54.851996],[-78.874867,54.90766],[-78.603749,54.968085],[-78.529652,55.003852],[-78.392242,55.027533],[-78.155588,55.140082],[-77.781606,55.273505],[-77.674957,55.366929],[-77.237538,55.591742],[-77.13801,55.657701],[-77.088694,55.714219],[-77.189198,55.681871],[-76.841908,55.933661],[-76.808705,55.986029],[-76.681549,56.042914],[-76.62206,56.139472],[-76.588857,56.23786],[-76.545155,56.29503],[-76.518422,56.413642],[-76.527455,56.594468],[-76.503733,56.783759],[-76.557932,57.031236],[-76.532704,57.115302],[-76.564605,57.15351],[-76.589345,57.271308],[-76.656606,57.404364],[-76.686269,57.427191],[-76.70934,57.462633],[-76.695709,57.469428],[-76.714996,57.473334],[-76.805572,57.613471],[-76.808705,57.675523],[-77.148264,58.017524],[-77.264272,58.086412],[-77.339996,58.100084],[-77.394602,58.147895],[-77.490834,58.168402],[-77.445058,58.184638],[-77.470611,58.211982],[-77.623158,58.278428],[-77.696278,58.285102],[-77.770741,58.319159],[-78.031484,58.388129],[-78.014475,58.424018],[-78.078765,58.455878],[-78.127675,58.454779],[-78.202748,58.504828],[-78.267323,58.519151],[-78.312611,58.573065],[-78.409332,58.629706],[-78.429921,58.620836],[-78.417388,58.600694],[-78.320058,58.546373],[-78.372385,58.541938],[-78.446441,58.579698],[-78.4676,58.612006],[-78.548818,58.608873],[-78.570953,58.638658],[-78.559438,58.664984],[-78.573313,58.675482],[-78.468577,58.706],[-78.483551,58.731391],[-78.54247,58.765204],[-78.538319,58.795478],[-78.508168,58.77912],[-78.488515,58.806464],[-78.5454,58.902045],[-78.531728,58.942979],[-78.565745,58.95775],[-78.518056,58.963446],[-78.442983,58.915717],[-78.451405,58.939765],[-78.43456,58.954454],[-78.356801,58.959418],[-78.361806,58.914171],[-78.316396,58.925523],[-78.304677,58.959947],[-78.243723,58.998236],[-78.320058,58.9914],[-78.279368,59.017157],[-78.271637,59.032335],[-78.285268,59.052802],[-78.254262,59.069932],[-78.210032,59.053453],[-78.223256,59.1081],[-78.201772,59.112657],[-78.178619,59.092231],[-78.131418,59.107896],[-78.126129,59.123277],[-78.155588,59.155219],[-78.086659,59.161444],[-78.106557,59.209906],[-77.949818,59.26789],[-77.819203,59.293036],[-77.894887,59.312934],[-77.785024,59.326524],[-77.770172,59.350694],[-77.806142,59.36815],[-77.67516,59.402289],[-77.723541,59.415961],[-77.739247,59.401231],[-77.770741,59.408515],[-77.792958,59.432563],[-77.890614,59.401435],[-77.915395,59.419053],[-77.889719,59.44538],[-77.847076,59.450059],[-77.881174,59.484931],[-77.730336,59.548651],[-77.716176,59.621405],[-77.784901,59.659369],[-77.798695,59.682847],[-77.744049,59.69713],[-77.778188,59.71015],[-77.706207,59.703315],[-77.668528,59.676703],[-77.570302,59.693427],[-77.487538,59.647773],[-77.462148,59.624579],[-77.469716,59.594672],[-77.442983,59.577582],[-77.312734,59.566759],[-77.425852,59.595404],[-77.449818,59.614569],[-77.444569,59.644884],[-77.46288,59.676622],[-77.545481,59.689683],[-77.490834,59.717597],[-77.545481,59.74494],[-77.53539,59.759345],[-77.468414,59.747748],[-77.432444,59.789618],[-77.291615,59.799547],[-77.371734,59.900336],[-77.425038,59.919298],[-77.353017,59.929877],[-77.387196,59.943549],[-77.29898,59.970893],[-77.33316,59.984483],[-77.236318,59.997504],[-77.312734,60.025458],[-77.24474,60.033677],[-77.189198,60.060248],[-77.3308,60.035712],[-77.36974,60.066962],[-77.418568,60.046576],[-77.634185,60.066474],[-77.579579,60.094346],[-77.600697,60.114814],[-77.557118,60.130561],[-77.408274,60.135321],[-77.535308,60.183702],[-77.559682,60.211046],[-77.469716,60.217231],[-77.564198,60.267442],[-77.537994,60.2862],[-77.613678,60.265692],[-77.621897,60.272447],[-77.593251,60.320909],[-77.63329,60.343695],[-77.634185,60.361274],[-77.716176,60.382392],[-77.743153,60.404242],[-77.723378,60.446275],[-77.591705,60.502631],[-77.546946,60.547431],[-77.41511,60.54682],[-77.541819,60.57567],[-77.686025,60.558295],[-77.770579,60.592475],[-77.829254,60.643256],[-77.606842,60.759101],[-77.629547,60.77497],[-77.744049,60.766547],[-77.51065,60.84101],[-77.894887,60.752305],[-77.860097,60.79267],[-77.96996,60.79267],[-77.880686,60.827379],[-77.919423,60.835273],[-78.196523,60.79267],[-78.165517,60.868354],[-77.871002,61.050238],[-77.809316,61.057074],[-77.788726,61.155748],[-77.692738,61.207343],[-77.751536,61.232042],[-77.723541,61.273057],[-77.744049,61.297227],[-77.748402,61.374823],[-77.785268,61.454698],[-77.749094,61.45893],[-77.697581,61.43183],[-77.677154,61.439276],[-77.682607,61.46483],[-77.607737,61.464667],[-77.545481,61.485338],[-77.666127,61.527655],[-77.641265,61.560248],[-77.476552,61.539984],[-77.545562,61.575914],[-77.634185,61.582139],[-77.572743,61.601386],[-77.708363,61.616278],[-77.792714,61.701361],[-77.939849,61.69359],[-77.989735,61.71483],[-78.009185,61.778266],[-78.084828,61.888048],[-78.073069,61.92414],[-78.093984,61.976874],[-78.136952,62.013495],[-78.14273,62.107286],[-78.165028,62.166938],[-78.141265,62.232001],[-78.154897,62.297309],[-78.118153,62.30976],[-78.100494,62.347113],[-78.024037,62.391791],[-77.935618,62.40705],[-77.784657,62.467963],[-77.687001,62.477281],[-77.656606,62.516588],[-77.537994,62.547309],[-77.471791,62.593817],[-77.404856,62.588324],[-77.377512,62.557563],[-77.168365,62.547309],[-77.137115,62.526801],[-77.078481,62.535264],[-77.043284,62.519232],[-76.969838,62.543443],[-76.912017,62.522162],[-76.757721,62.51081],[-76.664662,62.486884],[-76.626861,62.461656],[-76.534047,62.459174],[-76.464467,62.43537],[-76.149892,62.387071],[-76.098541,62.345649],[-75.949045,62.355536],[-75.829742,62.313341],[-75.658599,62.296495],[-75.592152,62.273017],[-75.893788,62.163764],[-75.831695,62.163764],[-75.575063,62.245673],[-75.493479,62.295885],[-75.327748,62.31745],[-75.150502,62.28498],[-75.15331,62.232001],[-75.092437,62.266791],[-75.006093,62.268988],[-74.89037,62.234239],[-74.758534,62.152086],[-74.558095,62.109117],[-74.741078,62.185126],[-74.755035,62.213568],[-74.704905,62.252509],[-74.41686,62.252509],[-74.31786,62.286607],[-74.278391,62.323472],[-74.216786,62.337022],[-74.154693,62.325181],[-73.997914,62.367377],[-73.872182,62.464789],[-73.670725,62.482123],[-73.571441,62.394843],[-73.502309,62.390326],[-73.450185,62.366197],[-73.378163,62.370469],[-73.317291,62.328233],[-73.209543,62.312812],[-73.212026,62.276313],[-73.196034,62.260565],[-73.083892,62.214952],[-73.062164,62.187567],[-72.968984,62.172919],[-72.898997,62.143256],[-72.947377,62.122748],[-72.782867,62.109117],[-72.823842,62.13581],[-72.734486,62.150092],[-72.62914,62.116889],[-72.621449,62.101874],[-72.666168,62.061347],[-72.597971,62.047675],[-72.615875,62.036566],[-72.597971,62.019721],[-72.607777,61.972154],[-72.685129,61.95128],[-72.691314,61.90233],[-72.795969,61.835395],[-72.754994,61.835395],[-72.666168,61.883165],[-72.663238,61.850084],[-72.601877,61.812567],[-72.631703,61.895616],[-72.630483,61.922919],[-72.605214,61.943671],[-72.357086,61.88939],[-72.23233,61.881293],[-72.131825,61.800605],[-72.206288,61.793158],[-72.187001,61.780137],[-72.211578,61.778876],[-72.223704,61.75019],[-72.194692,61.737413],[-72.141103,61.757392],[-72.076283,61.744859],[-71.995229,61.67711],[-72.085113,61.606269],[-72.243479,61.617621],[-72.277333,61.603095],[-72.30309,61.567857],[-72.220855,61.601386],[-72.083404,61.588935],[-71.979482,61.603827],[-71.935414,61.670966],[-71.972768,61.708197],[-71.956776,61.711249],[-71.674428,61.656317],[-71.580963,61.613837],[-71.569447,61.601386],[-71.590566,61.601386],[-71.558217,61.587348],[-71.555776,61.561021],[-71.60733,61.567857],[-71.637766,61.54682],[-71.691518,61.539252],[-71.857411,61.533759],[-71.792592,61.526923],[-71.781809,61.504381],[-71.79601,61.491523],[-71.748199,61.479112],[-71.768788,61.460924],[-71.891591,61.430732],[-71.734527,61.410224],[-71.583119,61.410224],[-71.707265,61.368354],[-71.822662,61.375474],[-71.79601,61.369249],[-71.822662,61.354967],[-71.665639,61.334459],[-71.727122,61.287299],[-71.596791,61.259385],[-71.63093,61.204169],[-71.572906,61.220526],[-71.555776,61.197333],[-71.572865,61.155748],[-71.507965,61.169989],[-71.53539,61.210761],[-71.49767,61.230902],[-71.475819,61.226386],[-71.371571,61.129014],[-71.359975,61.126451],[-71.371449,61.149522],[-71.213287,61.167222],[-71.220611,61.149522],[-71.185048,61.122748],[-71.167633,61.141059],[-71.11144,61.12523],[-71.038808,61.131781],[-70.935374,61.106635],[-70.939443,61.073798],[-70.846913,61.075426],[-70.789906,61.054755],[-70.762074,61.056708],[-70.781809,61.073798],[-70.76179,61.085801],[-70.658274,61.053941],[-70.685618,61.032823],[-70.667714,61.026842],[-70.603668,61.032823],[-70.53539,61.012315],[-70.568918,61.046495],[-70.53539,61.046495],[-70.541615,61.060126],[-70.526682,61.065416],[-70.425526,61.026597],[-70.443186,61.058295],[-70.404408,61.060126],[-70.425526,61.08808],[-70.342926,61.067572],[-70.34732,61.083075],[-70.325103,61.100409],[-70.246734,61.073798],[-70.155344,61.087633],[-70.110219,61.060126],[-70.160064,61.021674],[-70.126943,61.01024],[-70.103383,61.019843],[-70.111724,60.99608],[-70.089711,60.961168],[-70.104848,60.926093],[-70.089711,60.902533],[-70.151194,60.882025],[-70.055002,60.8758],[-70.058705,60.850328],[-69.986684,60.847886],[-69.915883,60.810004],[-69.849517,60.854682],[-69.93871,60.840196],[-69.776967,60.919501],[-69.740305,60.92296],[-69.739369,60.886094],[-69.702626,60.874335],[-69.662343,60.88524],[-69.65095,60.916815],[-69.691721,60.958808],[-69.651031,61.064276],[-69.585439,61.08808],[-69.53661,61.079698],[-69.43342,60.963975],[-69.424387,60.92296],[-69.36974,60.916815],[-69.390207,60.868354],[-69.36974,60.823961],[-69.381337,60.799872],[-69.572377,60.751532],[-69.719797,60.684027],[-69.683217,60.643052],[-69.697621,60.6081],[-69.667144,60.599433],[-69.666737,60.567206],[-69.82901,60.525743],[-69.749745,60.462226],[-69.775868,60.424506],[-69.735341,60.411322],[-69.719797,60.375556],[-69.765492,60.317084],[-69.71231,60.299791],[-69.656972,60.241523],[-69.602447,60.224677],[-69.65095,60.183702],[-69.59557,60.1789],[-69.628041,60.076728],[-69.706125,60.0633],[-69.72289,60.046576],[-69.826283,60.071601],[-69.842681,60.028876],[-69.773061,60.00434],[-69.821645,59.989203],[-70.336171,60.032294],[-70.309438,60.011786],[-70.571929,59.994981],[-70.650746,60.021796],[-70.996205,60.076239],[-71.035064,60.066474],[-70.921254,60.055528],[-70.862782,60.029486],[-70.577707,59.97724],[-70.226633,59.986518],[-70.164866,59.964057],[-70.045033,59.950995],[-69.735097,59.970282],[-69.719797,59.960273],[-69.727773,59.921942],[-69.767568,59.915595],[-69.561513,59.864691],[-69.600657,59.833604],[-69.612172,59.783881],[-69.547841,59.764757],[-69.657704,59.703315],[-69.520579,59.676622],[-69.516225,59.649278],[-69.567983,59.602607],[-69.659901,59.577826],[-69.748525,59.516099],[-69.758209,59.490465],[-69.69872,59.484809],[-69.704742,59.472154],[-69.648997,59.42829],[-69.643422,59.415961],[-69.671457,59.388617],[-69.632069,59.385118],[-69.643422,59.364732],[-69.749501,59.34276],[-69.755116,59.317694],[-69.72468,59.30504],[-69.627065,59.306708],[-69.576487,59.331773],[-69.422597,59.361518],[-69.356068,59.334052],[-69.369496,59.32038],[-69.358713,59.314073],[-69.297678,59.334296],[-69.254791,59.324815],[-69.246816,59.302965],[-69.265981,59.276801],[-69.232533,59.241278],[-69.29483,59.216051],[-69.365224,59.244452],[-69.366322,59.203437],[-69.389027,59.1942],[-69.449534,59.228502],[-69.542551,59.169542],[-69.541656,59.127997],[-69.515696,59.108466],[-69.465688,59.137274],[-69.433949,59.110541],[-69.379262,59.119737],[-69.342437,59.093817],[-69.414377,59.054877],[-69.430247,59.025458],[-69.503529,59.07331],[-69.45165,58.895209],[-69.478749,58.872911],[-69.522939,58.889879],[-69.537994,58.835883],[-69.565256,58.806464],[-69.665151,58.792182],[-69.719797,58.867255],[-69.678456,58.895087],[-69.671864,58.927436],[-69.708648,58.922227],[-69.719797,58.936143],[-69.704701,58.96308],[-69.72936,58.982978],[-69.76122,58.988105],[-69.767568,58.970893],[-69.796376,58.981309],[-69.863149,59.059678],[-69.877268,59.051825],[-69.866078,58.987372],[-69.897939,58.963446],[-69.822662,58.94599],[-69.803456,58.919053],[-69.816029,58.881537],[-69.801747,58.82628],[-69.91161,58.874091],[-69.890492,58.833116],[-70.034495,58.812608],[-70.072377,58.792182],[-70.211903,58.789537],[-70.254221,58.771674],[-70.171498,58.775743],[-70.136342,58.756415],[-70.058705,58.757392],[-70.041331,58.737535],[-69.921213,58.77912],[-69.93224,58.727484],[-69.918284,58.686387],[-69.86144,58.715033],[-69.797434,58.700751],[-69.87682,58.644721],[-69.813547,58.596503],[-69.795725,58.598456],[-69.69872,58.702745],[-69.650502,58.701158],[-69.636342,58.739081],[-69.608225,58.760362],[-69.48705,58.792182],[-69.378163,58.869493],[-69.256337,58.899156],[-69.124827,58.901923],[-68.979319,58.902045],[-68.992991,58.881537],[-68.894765,58.877875],[-68.773427,58.921698],[-68.616038,58.891221],[-68.499867,58.833116],[-68.410268,58.82392],[-68.356191,58.771674],[-68.382883,58.734117],[-68.38093,58.700995],[-68.328847,58.675482],[-68.348704,58.600328],[-68.274241,58.586737],[-68.291493,58.534491],[-68.274241,58.524644],[-68.191029,58.546373],[-68.22057,58.48432],[-68.2058,58.434027],[-68.315175,58.250922],[-68.35025,58.170518],[-68.341868,58.144477],[-68.354075,58.123725],[-68.520009,58.031195],[-68.719106,58.013739],[-68.970123,57.960395],[-69.047597,57.915107],[-69.141103,57.898668],[-69.223744,57.862047],[-69.36974,57.770494],[-69.109364,57.893378],[-68.949696,57.941026],[-68.417592,58.038642],[-68.390289,58.07213],[-68.33849,58.08983],[-68.309885,58.120917],[-68.292592,58.221788],[-68.251576,58.236518],[-68.232493,58.307685],[-68.187327,58.363878],[-68.191396,58.39057],[-68.170562,58.422187],[-68.17394,58.491075],[-68.123402,58.53205],[-68.027333,58.521715],[-68.027211,58.551947],[-68.006215,58.579535],[-67.953521,58.544379],[-67.965159,58.518419],[-67.88976,58.498725],[-67.917348,58.452948],[-67.923655,58.404975],[-67.909901,58.367621],[-67.861684,58.326402],[-67.862701,58.309272],[-67.900258,58.255845],[-68.082428,58.155341],[-68.129547,58.082994],[-68.120595,58.071885],[-67.999257,58.141059],[-67.953277,58.211982],[-67.862701,58.23725],[-67.864613,58.259019],[-67.800649,58.298692],[-67.823557,58.335639],[-67.82079,58.399237],[-67.786977,58.442694],[-67.786977,58.470038],[-67.738515,58.469184],[-67.675445,58.423448],[-67.708241,58.383409],[-67.691396,58.360175],[-67.729563,58.333319],[-67.718088,58.298692],[-67.73233,58.285102],[-67.675526,58.279486],[-67.64802,58.236151],[-67.701731,58.141466],[-67.670277,58.07213],[-67.740142,57.963731],[-67.738596,57.943061],[-67.71349,57.927069],[-67.701324,57.937812],[-67.706654,57.99079],[-67.641835,58.04914],[-67.662424,58.115953],[-67.56786,58.230414],[-67.536855,58.233832],[-67.464833,58.285102],[-67.363515,58.286119],[-67.332143,58.323961],[-67.218007,58.343614],[-67.160227,58.380235],[-67.086903,58.362779],[-67.064198,58.39293],[-67.080637,58.422187],[-67.006174,58.43651],[-66.946645,58.498358],[-66.883656,58.486558],[-66.896311,58.44953],[-66.852203,58.425035],[-66.801991,58.477729],[-66.806874,58.497992],[-66.615102,58.497992],[-66.66926,58.539984],[-66.624013,58.551337],[-66.628774,58.592882],[-66.588531,58.631293],[-66.595367,58.677191],[-66.571441,58.66942],[-66.553619,58.710191],[-66.468658,58.721991],[-66.451283,58.744371],[-66.490956,58.764838],[-66.463368,58.786607],[-66.47175,58.812608],[-66.382395,58.853583],[-66.252512,58.795111],[-66.193959,58.749091],[-66.115834,58.726304],[-66.078847,58.658515],[-66.007476,58.656846],[-66.004994,58.634508],[-65.944163,58.620836],[-65.940256,58.5963],[-66.018219,58.498236],[-65.992828,58.430894],[-65.998769,58.408555],[-66.09496,58.360175],[-66.053375,58.332831],[-66.035146,58.376288],[-65.969228,58.39704],[-65.95759,58.432929],[-65.923004,58.442694],[-65.925445,58.45954],[-65.985097,58.477484],[-65.979563,58.490098],[-65.905181,58.537909],[-65.888905,58.579901],[-65.827504,58.579901],[-65.864247,58.597846],[-65.875234,58.628282],[-65.937815,58.648912],[-65.961659,58.688056],[-66.039703,58.696601],[-66.043121,58.757392],[-66.108632,58.77912],[-66.019195,58.861192],[-65.970855,58.82628],[-65.944936,58.841498],[-65.859527,58.832831],[-65.795644,58.863471],[-65.936676,58.881537],[-65.983062,58.904853],[-65.982249,58.917182],[-65.861643,58.942979],[-65.853912,58.961127],[-65.885487,59.008165],[-65.756256,58.975775],[-65.677358,58.928575],[-65.668813,58.949327],[-65.688791,58.973863],[-65.793324,59.005072],[-65.738108,59.018134],[-65.779042,59.032335],[-65.683461,59.052802],[-65.507069,58.988105],[-65.491689,58.9914],[-65.501943,59.005072],[-65.594106,59.046007],[-65.529205,59.066514],[-65.443674,59.045111],[-65.319732,59.046007],[-65.349721,59.064561],[-65.425608,59.063585],[-65.541615,59.108832],[-65.581695,59.075059],[-65.642486,59.07331],[-65.717641,59.158311],[-65.70995,59.185655],[-65.683461,59.196845],[-65.744944,59.230414],[-65.739329,59.270616],[-65.680247,59.263983],[-65.594106,59.189399],[-65.612131,59.249376],[-65.602935,59.257107],[-65.580434,59.244615],[-65.543324,59.264635],[-65.491689,59.258287],[-65.56607,59.30744],[-65.580434,59.364732],[-65.55899,59.376654],[-65.357574,59.282172],[-65.447174,59.366767],[-65.432932,59.40294],[-65.381825,59.402289],[-65.497914,59.436387],[-65.47057,59.450059],[-65.559926,59.491034],[-65.457509,59.472357],[-65.364125,59.484809],[-65.185536,59.463121],[-65.172922,59.43891],[-65.052846,59.381171],[-64.983957,59.381171],[-65.082346,59.410631],[-65.181264,59.475775],[-65.411855,59.51789],[-65.546254,59.731269],[-65.466379,59.77143],[-65.491689,59.799547],[-65.445912,59.786973],[-65.417714,59.815253],[-65.367543,59.799547],[-65.378977,59.829779],[-65.323476,59.847968],[-65.084096,59.771715],[-64.983957,59.764757],[-65.224192,59.841132],[-65.203033,59.854193],[-65.230946,59.882066],[-65.223378,59.895575],[-65.140452,59.871324],[-65.12857,59.885484],[-65.137807,59.900214],[-65.209828,59.923041],[-65.141103,59.931627],[-65.135121,59.95661],[-65.08019,59.929877],[-65.070912,59.943305],[-65.12857,59.977647],[-65.066518,59.977647],[-65.117665,60.008368],[-65.12857,60.046576],[-65.046051,60.054755],[-65.024973,60.080756],[-65.0631,60.104315],[-65.001047,60.116278],[-64.994781,60.152696],[-64.966135,60.154731],[-64.951527,60.193427],[-64.874094,60.20421],[-64.957265,60.258857],[-64.864125,60.296373],[-64.837026,60.329169],[-64.860463,60.355048],[-64.848785,60.365709],[-64.676096,60.33393],[-64.696604,60.355048],[-64.627512,60.346747],[-64.531406,60.303901],[-64.764207,60.289602],[-64.844667,60.264125],[-64.858025,60.236324],[-64.809553,60.197721],[-64.748885,60.173614],[-64.635997,60.17426],[-64.599178,60.117829],[-64.74103,60.101422],[-64.705141,60.064215],[-64.781544,60.04357],[-64.817175,60.039281],[-64.877352,60.059745],[-64.904224,60.047756],[-64.845339,59.968278],[-64.7902,59.97174],[-64.690077,59.949054],[-64.663515,59.940373],[-64.654394,59.916679],[-64.670698,59.883374],[-64.737025,59.891848],[-64.767695,59.880066],[-64.747722,59.843169],[-64.8141,59.818985],[-64.801465,59.805394],[-64.810302,59.771907],[-64.774456,59.699216],[-64.885041,59.663797],[-64.903178,59.603807],[-64.893412,59.564743],[-64.771881,59.514249],[-64.755861,59.474639],[-64.702014,59.447276],[-64.45345,59.525876],[-64.376194,59.523499],[-64.349374,59.505102],[-64.35573,59.484225],[-64.503422,59.429525],[-64.485903,59.399527],[-64.537192,59.372707],[-64.505308,59.341727],[-64.536469,59.297363],[-64.507452,59.250079],[-64.533988,59.195302],[-64.498125,59.165743],[-64.489521,59.105721],[-64.469108,59.088383],[-64.348082,59.066214],[-64.292065,59.007251],[-64.358883,58.985392],[-64.437896,58.982912],[-64.639899,59.024976],[-64.715863,59.065697],[-64.754207,59.065077],[-64.824126,59.036759],[-64.863529,58.993686],[-64.8403,58.956324],[-64.882158,58.935059],[-64.822679,58.91134],[-64.701549,58.94232],[-64.567991,58.887259],[-64.31041,58.884675],[-64.258553,58.850052],[-64.261524,58.781787],[-64.15706,58.750781],[-64.126339,58.752486],[-63.982187,58.823335],[-63.841912,58.829794],[-63.760418,58.879094],[-63.571825,58.835272],[-63.483742,58.758636],[-63.497824,58.73719],[-63.574073,58.7159],[-63.880772,58.704996],[-64.059418,58.669029],[-64.096547,58.6142],[-64.077995,58.552034],[-64.006553,58.527952],[-63.89041,58.566839],[-63.861885,58.547538],[-63.819872,58.474106],[-63.864572,58.438294],[-63.979397,58.433979],[-64.050814,58.372303],[-64.15644,58.348118],[-64.209176,58.237996],[-64.38963,58.187715],[-64.427638,58.074802],[-64.221372,58.045243],[-64.214395,57.977547],[-64.053888,57.767895],[-64.018852,57.778127],[-64.010583,57.813681],[-63.939425,57.800968],[-63.911106,57.783243],[-63.891883,57.730352],[-63.847028,57.72379],[-63.81752,57.68852],[-63.769513,57.730533],[-63.695926,57.658961],[-63.64921,57.731153],[-63.610582,57.739499],[-63.583943,57.708054],[-63.639211,57.639118],[-63.732435,57.603177],[-63.76494,57.564394],[-63.764629,57.462643],[-63.707915,57.385231],[-63.837984,57.325338],[-63.869197,57.249788],[-63.868422,57.200592],[-63.85018,57.191807],[-63.820492,57.274541],[-63.773363,57.263068],[-63.743313,57.22674],[-63.790235,57.168914],[-63.780882,57.128012],[-63.795248,57.100908],[-63.850283,57.084268],[-63.876044,57.059205],[-63.884648,57.019517],[-63.865889,56.991767],[-63.900409,56.975024],[-63.915395,56.936602],[-63.871367,56.878131],[-63.943249,56.875495],[-63.997432,56.854773],[-64.010842,56.836996],[-63.992858,56.788627],[-64.083551,56.765631],[-64.125719,56.709278],[-64.106056,56.669435],[-64.036887,56.627293],[-64.014976,56.589285],[-63.953016,56.557711],[-63.947047,56.483478],[-63.874649,56.451645],[-63.877129,56.439346],[-63.961465,56.419606],[-64.145433,56.436142],[-64.169669,56.425652],[-64.108149,56.375371],[-64.114711,56.321782],[-64.136571,56.303695],[-64.09107,56.262819],[-63.941725,56.253001],[-63.876897,56.217292],[-63.8878,56.194219],[-64.010945,56.155591],[-64.021746,56.089807],[-64.010325,56.069756],[-63.861807,56.123293],[-63.841395,56.112027],[-63.877904,56.078593],[-63.804317,56.043246],[-63.70316,56.047277],[-63.607456,56.018364],[-63.444933,56.022834],[-63.484698,55.999373],[-63.574951,55.991725],[-63.691033,55.941164],[-63.840285,55.91327],[-63.825711,55.869548],[-63.767415,55.829469],[-63.76195,55.793034],[-63.696367,55.776638],[-63.692723,55.752955],[-63.749198,55.65458],[-63.681792,55.650937],[-63.66904,55.62361],[-63.685436,55.51977],[-63.769237,55.483335],[-63.767415,55.461474],[-63.738267,55.439613],[-63.641714,55.425039],[-63.33748,55.412286],[-63.330193,55.388604],[-63.342945,55.361277],[-63.577952,55.339416],[-63.57613,55.326664],[-63.536052,55.32302],[-63.541517,55.308446],[-63.645357,55.286585],[-63.659931,55.270189],[-63.645357,55.244685],[-63.550626,55.226467],[-63.41035,55.251972],[-63.419459,55.224645],[-63.454073,55.204606],[-63.548804,55.184567],[-63.588883,55.120805],[-63.601635,55.071618],[-63.585239,55.049757],[-63.57613,54.978708],[-63.59617,54.96049],[-63.605279,54.902194],[-63.814781,54.940451],[-63.845751,54.880333],[-63.82389,54.829324],[-63.904047,54.781958],[-63.871255,54.747345],[-63.789276,54.71091],[-63.729158,54.647148],[-63.740089,54.623465],[-63.802028,54.641683],[-63.898582,54.601604],[-64.051609,54.607069],[-64.113549,54.630752],[-64.180954,54.71091],[-64.392278,54.789245],[-64.457861,54.79471],[-64.576276,54.727305],[-64.76756,54.738236],[-64.776669,54.767384],[-64.758452,54.816571],[-64.782134,54.834789],[-64.847718,54.849363],[-64.871401,54.889442],[-64.940627,54.929521],[-65.102764,54.956847],[-65.162882,54.929521],[-65.221178,54.851185],[-65.29587,54.82568],[-65.317731,54.836611],[-65.399711,54.823859],[-65.472581,54.842076],[-65.48169,54.816571],[-65.445255,54.780136],[-65.44526,54.74552],[-65.479868,54.730949],[-65.545451,54.725484],[-65.625609,54.749166],[-65.680606,54.714824],[-65.819052,54.816344],[-65.846699,54.856213],[-65.855975,54.907502],[-65.97111,54.927759],[-66.039917,54.911016],[-66.134123,54.965482],[-66.254322,54.998116],[-66.421961,55.137307],[-66.4933,55.171465],[-66.558903,55.240375],[-66.587997,55.255439],[-66.676751,55.257816],[-66.699567,55.307115],[-66.770415,55.338793],[-66.832039,55.334659],[-66.837155,55.317244],[-66.688715,55.201747],[-66.743078,55.17162],[-66.762328,55.104208],[-66.660758,54.984241],[-66.728195,54.95985],[-66.728815,54.938662],[-66.607117,54.803942],[-66.642464,54.781204],[-66.721064,54.775468],[-66.701349,54.740173],[-66.785039,54.745806],[-66.966501,54.814329],[-67.02518,54.896029],[-67.3094,55.01566],[-67.274131,55.065993],[-67.378827,55.088679],[-67.435077,55.063461],[-67.443495,55.034883],[-67.422859,54.99705],[-67.264648,54.8354],[-67.085801,54.732219],[-67.085801,54.680628],[-67.154588,54.61528],[-67.192421,54.611841],[-67.261208,54.570568],[-67.233693,54.515539],[-67.268087,54.484584],[-67.498525,54.594644],[-67.515722,54.574008],[-67.495085,54.539614],[-67.508843,54.488024],[-67.605145,54.470827],[-67.63266,54.484584],[-67.749599,54.426115],[-67.746159,54.34357],[-67.691129,54.305737],[-67.639539,54.230071],[-67.639539,54.188799],[-67.704887,54.154405],[-67.74272,54.154405],[-67.773674,54.12689],[-67.808068,54.034027],[-67.746159,53.982437],[-67.615463,53.923967],[-67.594827,53.858619],[-67.5226,53.837983],[-67.512282,53.813908],[-67.594827,53.782953],[-67.41254,53.69353],[-67.398783,53.635061],[-67.323117,53.566273],[-67.030771,53.514683],[-66.889757,53.414941],[-66.986059,53.383987],[-67.010134,53.353032],[-66.961983,53.294563],[-66.969911,53.183396],[-66.992938,53.167307],[-66.98262,53.105398],[-66.996377,53.081322],[-67.047968,53.074444],[-67.051407,53.122595],[-67.120194,53.122595],[-67.168345,53.153549],[-67.240572,53.167307],[-67.299041,53.156988],[-67.385026,53.105398],[-67.367829,53.015974],[-67.333435,52.943748],[-67.347193,52.916233],[-67.302481,52.868082],[-67.164906,52.81993],[-67.133952,52.857763],[-67.061725,52.87496],[-67.041089,52.775219],[-66.948226,52.737386],[-66.865681,52.66172],[-66.851924,52.730507],[-66.824409,52.723628],[-66.793454,52.678916],[-66.769379,52.678916],[-66.759061,52.706431],[-66.769379,52.764901],[-66.65588,52.795855],[-66.624925,52.936869],[-66.507987,52.957505],[-66.463275,52.995338],[-66.456396,53.029732],[-66.425442,53.036611],[-66.363533,53.002217],[-66.291307,52.902475],[-66.287867,52.847445],[-66.391048,52.871521],[-66.401366,52.844006],[-66.332579,52.737386],[-66.287867,52.610129],[-66.311943,52.610129],[-66.373852,52.668598],[-66.404806,52.647962],[-66.408245,52.589493],[-66.373852,52.541342],[-66.38417,52.469115],[-66.363533,52.4416],[-66.349776,52.359055],[-66.43576,52.376252],[-66.480472,52.33498],[-66.456396,52.266192],[-66.408245,52.218041],[-66.373852,52.142375],[-66.301625,52.132057],[-66.263792,52.156132],[-66.301625,52.286828],[-66.284428,52.307465],[-66.256913,52.297147],[-66.195004,52.22148],[-66.122778,52.200844],[-66.078066,52.16989],[-66.088384,52.090784],[-65.992082,52.05983],[-65.940491,52.094224],[-65.902658,52.080466],[-65.823553,52.107981],[-65.73069,52.087345],[-65.655024,52.107981],[-65.682539,52.025437],[-65.661902,51.987603],[-65.613751,52.032315],[-65.551843,52.032315],[-65.500252,52.097663],[-65.45898,52.025437],[-65.414268,51.984164],[-65.376435,51.984164],[-65.359238,51.94977],[-65.393632,51.89818],[-65.338602,51.819074],[-65.317966,51.853468],[-65.276693,51.867226],[-65.221663,51.825953],[-65.18383,51.822514],[-65.18383,51.774363],[-65.080649,51.750287],[-65.032498,51.760605],[-64.956832,51.722772],[-64.922438,51.729651],[-64.918999,51.760605],[-64.85709,51.774363],[-64.771106,51.764045],[-64.688561,51.722772],[-64.578502,51.612712],[-64.530351,51.592076],[-64.406533,51.653985],[-64.344625,51.667742],[-64.279277,51.739969],[-64.293034,51.784681],[-64.334307,51.819074],[-64.361822,51.966967],[-64.337746,52.011679],[-64.275837,51.966967],[-64.234565,51.980725],[-64.272398,52.039194],[-64.251762,52.11486],[-64.210489,52.128618],[-64.172656,52.11486],[-64.155459,52.132057],[-64.210489,52.22148],[-64.220807,52.266192],[-64.20705,52.304025],[-64.165778,52.321222],[-64.127945,52.38657],[-64.141702,52.489751],[-64.189853,52.572296],[-64.162338,52.596372],[-64.165778,52.675477],[-64.107308,52.720189],[-63.71866,52.778658],[-63.612039,52.861203],[-63.595777,52.770888],[-63.438887,52.715878],[-63.384188,52.673219],[-63.379097,52.651153],[-63.875934,52.60841],[-63.995459,52.55788],[-64.081173,52.473438],[-64.029053,52.397821],[-63.972656,52.353583],[-63.749514,52.322388],[-63.783207,52.291227],[-63.7144,52.228647],[-63.671767,52.097802],[-63.640063,52.050622],[-63.644094,52.036979],[-63.670398,52.035739],[-63.819562,52.068114],[-63.774422,52.013621],[-63.738714,51.999798],[-57.100979,52.000082],[-57.100331,51.419013],[-57.189809,51.418809],[-57.246327,51.468329],[-57.227203,51.494086],[-57.249989,51.508287],[-57.437611,51.485704],[-57.453725,51.480414],[-57.442047,51.467882],[-57.449696,51.448676],[-57.466176,51.445665],[-57.483876,51.467393],[-57.603383,51.432685],[-57.576039,51.467393],[-57.678538,51.434394],[-57.685902,51.480414],[-57.748525,51.46308],[-57.770741,51.408271],[-57.799306,51.416205],[-57.795766,51.439521],[-57.977651,51.329657],[-58.040151,51.313666],[-58.234039,51.276923],[-58.261301,51.296088],[-58.254791,51.329169],[-58.289174,51.336412],[-58.27123,51.327623],[-58.299143,51.291205],[-58.289174,51.27501],[-58.453684,51.316596],[-58.59024,51.251085],[-58.62267,51.27733],[-58.631825,51.261339],[-58.618153,51.233385],[-58.653676,51.236518],[-58.663482,51.257148],[-58.67748,51.244208],[-58.656484,51.210924],[-58.59024,51.186225],[-58.62564,51.151475],[-58.670155,51.141832],[-58.716379,51.106513],[-58.789459,51.096869],[-58.809967,51.077582],[-58.830434,51.090033],[-58.850942,51.055284],[-58.830434,51.041612],[-58.892486,50.994452],[-58.912017,50.998236],[-58.885081,51.041612],[-58.895497,51.054999],[-59.007965,51.01496],[-58.954579,51.003119],[-58.974436,50.953477],[-58.953969,50.939195],[-58.966949,50.898261],[-58.940297,50.884589],[-58.967519,50.877021],[-58.961334,50.820665],[-59.029652,50.780951],[-59.007965,50.761054],[-59.03775,50.752427],[-59.089101,50.784369],[-59.097971,50.811957],[-59.062327,50.875474],[-59.073842,50.894355],[-59.087758,50.887681],[-59.125315,50.802069],[-59.202789,50.73192],[-59.254994,50.761054],[-59.270619,50.718695],[-59.34439,50.675116],[-59.419504,50.664862],[-59.424062,50.652167],[-59.405832,50.644395],[-59.450795,50.627021],[-59.468414,50.592475],[-59.410497,50.572409],[-59.423984,50.540013],[-59.510109,50.546255],[-59.594472,50.479315],[-59.725331,50.457139],[-59.755849,50.4383],[-59.80309,50.445746],[-59.88561,50.376899],[-59.858306,50.363837],[-59.854726,50.331855],[-59.840932,50.328437],[-59.822133,50.356635],[-59.82726,50.32807],[-59.934967,50.284166],[-59.944325,50.261094],[-59.966949,50.272406],[-60.016754,50.244696],[-60.06371,50.253974],[-60.134877,50.212999],[-60.13268,50.232856],[-60.173655,50.232856],[-60.155507,50.2508],[-60.153472,50.288398],[-60.199045,50.275743],[-60.24649,50.234687],[-60.269846,50.240302],[-60.235015,50.274482],[-60.263295,50.270941],[-60.276031,50.294908],[-60.293691,50.246527],[-60.349843,50.253241],[-60.365387,50.246527],[-60.354115,50.233588],[-60.365387,50.22602],[-60.409088,50.254584],[-60.438385,50.241807],[-60.441151,50.26081],[-60.599924,50.216376],[-60.62206,50.223009],[-60.618642,50.253974],[-60.667063,50.22602],[-60.722279,50.22602],[-60.714833,50.240302],[-60.736236,50.240343],[-60.794057,50.204657],[-60.838368,50.219794],[-60.815541,50.248969],[-60.776926,50.26081],[-60.802642,50.267076],[-60.93456,50.199327],[-60.955068,50.219794],[-60.98233,50.212388],[-61.026112,50.22724],[-61.048695,50.221747],[-61.050649,50.205552],[-61.078521,50.212388],[-61.119537,50.192491],[-61.160634,50.201728],[-61.153066,50.185045],[-61.225413,50.205552],[-61.31135,50.199327],[-61.717885,50.100043],[-61.784291,50.109931],[-61.595611,50.158393],[-61.57608,50.187364],[-61.776763,50.134141],[-61.804799,50.14411],[-61.796742,50.172065],[-61.863189,50.23017],[-62.212473,50.241767],[-62.326975,50.289171],[-62.383616,50.277899],[-62.390289,50.294501],[-62.450551,50.265489],[-62.479482,50.281236],[-62.750722,50.287462],[-62.709137,50.315416],[-62.791656,50.30919],[-62.832631,50.287462],[-62.959625,50.288194],[-63.017649,50.315416],[-63.052398,50.287462],[-63.176666,50.290147],[-63.16161,50.26081],[-63.20287,50.245103],[-63.334788,50.250312],[-63.420644,50.21898],[-63.485015,50.263536],[-63.603505,50.253974],[-63.637685,50.274482],[-63.682362,50.274482],[-63.709625,50.301744],[-63.80899,50.315416],[-63.989166,50.306952],[-64.095855,50.29088],[-64.144765,50.267646],[-64.348622,50.288031],[-64.445424,50.322943],[-64.629384,50.284044],[-64.87682,50.27265],[-64.916005,50.288275],[-65.151031,50.298896],[-65.191314,50.287299],[-65.25829,50.322252],[-65.737172,50.257432],[-65.83849,50.260484],[-65.964223,50.293199],[-66.046539,50.22602],[-66.079172,50.222276],[-66.080719,50.246527],[-66.103383,50.244086],[-66.087514,50.192491],[-66.252024,50.219794],[-66.357045,50.201402],[-66.409413,50.22248],[-66.413075,50.264228],[-66.46817,50.2685],[-66.529286,50.230333],[-66.54955,50.19831],[-66.512074,50.164618],[-66.445139,50.175889],[-66.430165,50.172065],[-66.434885,50.157538],[-66.497385,50.146308],[-66.63561,50.185045],[-66.622548,50.150946],[-66.665924,50.134752],[-66.74592,50.053656],[-66.912099,50.011298],[-66.950917,49.986436],[-66.978871,49.944892],[-66.965932,49.915391],[-66.991363,49.903144],[-67.044911,49.828315],[-67.091176,49.849311],[-67.131459,49.831285],[-67.181549,49.754869],[-67.170033,49.677965],[-67.22525,49.623358],[-67.245107,49.568101],[-67.231597,49.513983],[-67.245107,49.458848],[-67.376332,49.339219],[-67.735463,49.314887],[-67.814076,49.280219],[-68.054555,49.294379],[-68.082428,49.26024],[-68.122385,49.271348],[-68.164377,49.205634],[-68.228871,49.191962],[-68.300893,49.198188],[-68.253977,49.16706],[-68.190541,49.167467],[-68.18106,49.124457],[-68.325429,49.098456],[-68.392323,49.06391],[-68.444325,49.061632],[-68.369781,49.115587],[-68.371897,49.140326],[-68.406484,49.163682],[-68.40331,49.184516],[-68.444325,49.198188],[-68.407053,49.123033],[-68.615102,49.039496],[-68.644521,48.991156],[-68.636098,48.965399],[-68.698801,48.944892],[-68.643544,48.91767],[-68.795318,48.907416],[-68.814809,48.88288],[-68.949615,48.825751],[-68.974436,48.788194],[-69.055735,48.773505],[-69.117909,48.630561],[-69.144439,48.600531],[-69.229482,48.592108],[-69.267812,48.54328],[-69.289377,48.464586],[-69.404449,48.362738],[-69.446645,48.29621],[-69.547841,48.245429],[-69.575185,48.245429],[-69.676015,48.149888],[-69.819895,48.161933],[-69.882314,48.221137],[-69.985097,48.278428],[-70.144358,48.273383],[-70.211008,48.315009],[-70.369211,48.374132],[-70.43517,48.362982],[-70.634389,48.396837],[-70.692983,48.392808],[-70.766713,48.435004],[-70.824127,48.431749],[-70.987213,48.465155],[-71.069814,48.444648],[-70.973622,48.451483],[-70.788482,48.395697],[-70.811391,48.369696],[-70.891672,48.362738],[-70.865631,48.324164],[-70.744496,48.355333],[-70.477528,48.356431],[-70.345855,48.326036],[-70.323842,48.301093],[-70.28775,48.307481],[-70.162953,48.245063],[-70.092641,48.234849],[-70.027659,48.252875],[-69.950307,48.230821],[-69.906239,48.207261],[-69.846669,48.142768],[-69.735951,48.122504],[-69.774403,48.074774],[-69.794911,47.988715],[-69.825836,47.969957],[-69.835276,47.91706],[-69.894195,47.85163],[-69.932037,47.773057],[-70.034495,47.697333],[-70.144358,47.656358],[-70.137115,47.642279],[-70.199574,47.595526],[-70.210113,47.528388],[-70.236887,47.495592],[-70.459096,47.430487],[-70.486928,47.44477],[-70.506907,47.379625],[-70.533762,47.359565],[-70.597727,47.249416],[-70.75064,47.091783],[-70.956858,47.020657],[-71.191029,46.858059],[-71.244781,46.788967],[-71.341664,46.742336],[-71.51476,46.724718],[-71.720204,46.670071],[-71.880523,46.69066],[-72.013743,46.607733],[-72.227935,46.553371],[-72.258046,46.470852],[-72.46227,46.40233],[-72.602528,46.301337],[-72.844472,46.264797],[-72.994496,46.210801],[-72.985951,46.195299],[-73.022043,46.109605],[-73.158559,46.074856],[-73.262318,45.902248],[-73.355865,45.841539],[-73.420277,45.765123],[-73.495432,45.727891],[-73.677398,45.708157],[-73.755442,45.676378],[-73.862701,45.592637],[-73.909535,45.534735],[-73.979237,45.49844],[-74.104848,45.485012],[-74.14745,45.494371],[-74.199045,45.530911],[-74.306956,45.525539],[-74.379465,45.561632],[-74.329701,45.50967],[-74.037709,45.438463],[-74.016103,45.450426],[-74.001943,45.396104],[-73.961537,45.354234],[-74.013499,45.328437],[-74.15331,45.320136],[-74.211334,45.264879],[-74.346181,45.220567],[-74.478007,45.316872],[-74.393516,45.572671],[-74.545263,45.608844],[-74.643655,45.656077],[-74.775069,45.632512],[-74.937539,45.63768],[-75.052959,45.595951],[-75.28359,45.57665],[-75.592771,45.479653],[-75.683256,45.468543],[-75.77555,45.393819],[-75.869394,45.392604],[-76.023132,45.505414],[-76.128448,45.52965],[-76.223223,45.519961],[-76.26043,45.484304],[-76.343474,45.473555],[-76.432771,45.522183],[-76.596224,45.555721],[-76.647461,45.580836],[-76.69844,45.661503],[-76.715286,45.721964],[-76.76536,45.760101],[-76.785954,45.861697],[-76.817735,45.885882],[-76.87755,45.895907],[-76.923335,45.883763],[-76.918013,45.811468],[-76.935815,45.794363],[-77.016611,45.796223],[-77.138516,45.839786],[-77.226495,45.890843],[-77.271893,45.929238],[-77.307033,46.019827],[-77.469038,46.115067],[-77.658407,46.1839],[-77.920897,46.235628],[-78.045541,46.238212],[-78.110808,46.262603],[-78.320692,46.265962],[-78.345057,46.28901],[-78.694028,46.3365],[-78.719789,46.347094],[-78.75405,46.401406],[-78.891226,46.470084],[-78.964141,46.533026],[-79.013802,46.638342],[-79.0962,46.704333],[-79.163586,46.823912],[-79.292054,46.928867],[-79.431296,47.086997],[-79.447161,47.131749],[-79.445378,47.274686],[-79.554105,47.391578],[-79.580331,47.451833],[-79.512919,47.596837],[-79.520823,50.942898]]],[[[-59.350575,50.603461],[-59.375396,50.62051],[-59.376291,50.65233],[-59.337514,50.644436],[-59.295969,50.572333],[-59.341054,50.538031],[-59.358022,50.551581],[-59.323883,50.610256],[-59.350575,50.603461]]],[[[-58.398427,51.254543],[-58.474192,51.220404],[-58.562896,51.233385],[-58.479482,51.277981],[-58.412099,51.281806],[-58.398427,51.254543]]],[[[-69.101971,59.131323],[-69.061311,59.076581],[-69.217193,58.994452],[-69.231516,58.980658],[-69.218902,58.963446],[-69.23766,58.954169],[-69.294586,58.983954],[-69.322092,58.950751],[-69.363515,58.963446],[-69.286244,59.06981],[-69.354156,59.14057],[-69.234975,59.153062],[-69.101971,59.131323]]],[[[-74.128407,45.307563],[-73.920644,45.333808],[-74.003,45.268704],[-74.139394,45.251166],[-74.165028,45.269721],[-74.162587,45.287787],[-74.128407,45.307563]]],[[[-73.917307,45.40998],[-73.858062,45.381781],[-73.948476,45.369696],[-73.984527,45.406399],[-73.917307,45.40998]]],[[[-73.931793,45.488837],[-73.943186,45.507554],[-73.886464,45.523383],[-73.899281,45.500922],[-73.931793,45.488837]]],[[[-73.857289,45.549384],[-73.866444,45.560777],[-73.848622,45.584133],[-73.740875,45.664252],[-73.676137,45.690497],[-73.564849,45.698676],[-73.636464,45.649319],[-73.718332,45.562445],[-73.857289,45.549384]]],[[[-73.499257,45.709947],[-73.468984,45.705552],[-73.504058,45.600409],[-73.540639,45.547797],[-73.539418,45.487372],[-73.588735,45.447943],[-73.79483,45.467231],[-73.924916,45.429999],[-73.973622,45.444648],[-73.874989,45.493109],[-73.849843,45.520738],[-73.766835,45.527248],[-73.694,45.555325],[-73.620717,45.638332],[-73.499257,45.709947]]],[[[-70.843251,47.033189],[-70.809682,47.013414],[-70.874257,46.936998],[-71.031239,46.862942],[-71.114003,46.859442],[-71.124745,46.877021],[-70.885406,47.026557],[-70.843251,47.033189]]],[[[-61.67101,47.546536],[-61.74352,47.48314],[-61.859364,47.423651],[-61.822174,47.415351],[-61.78539,47.433824],[-61.671539,47.537991],[-61.592519,47.560777],[-61.708608,47.485745],[-61.765045,47.411078],[-61.821523,47.40998],[-61.862782,47.355373],[-61.931386,47.338324],[-61.965566,47.283026],[-61.940989,47.262274],[-61.920277,47.260077],[-61.907216,47.27969],[-61.883412,47.255927],[-61.825063,47.242621],[-61.784291,47.266018],[-61.79304,47.240302],[-61.938222,47.218207],[-62.010569,47.224799],[-62.017079,47.24551],[-61.959055,47.317532],[-61.948557,47.382758],[-61.925526,47.413153],[-61.839263,47.436672],[-61.562123,47.627143],[-61.50593,47.641425],[-61.382192,47.636664],[-61.501088,47.556789],[-61.551503,47.560777],[-61.502309,47.582668],[-61.468984,47.62226],[-61.554596,47.614976],[-61.67101,47.546536]]],[[[-64.319203,49.791246],[-64.335439,49.815497],[-64.367177,49.825629],[-64.388743,49.819403],[-64.37442,49.794623],[-64.424713,49.808498],[-64.510569,49.868069],[-64.451283,49.909491],[-64.257721,49.93122],[-64.213694,49.952338],[-64.132802,49.950141],[-63.944651,49.896064],[-63.374664,49.829413],[-63.124094,49.783881],[-62.962148,49.740546],[-62.892974,49.697455],[-62.846303,49.698432],[-62.53425,49.604682],[-62.448394,49.55508],[-62.397288,49.496731],[-62.26415,49.465725],[-62.204335,49.414211],[-62.018056,49.388373],[-61.941314,49.349026],[-61.882639,49.354478],[-61.660756,49.151028],[-61.702382,49.123033],[-61.707021,49.097602],[-61.757314,49.096869],[-61.811635,49.069037],[-61.882069,49.083686],[-62.248199,49.067939],[-62.506256,49.138577],[-62.681752,49.148505],[-63.093332,49.232896],[-63.212392,49.272895],[-63.277699,49.314887],[-63.586781,49.38996],[-63.57315,49.404853],[-63.614125,49.448635],[-63.62678,49.49844],[-63.764231,49.601996],[-63.92516,49.674872],[-64.319203,49.791246]]],[[[-63.884674,50.199368],[-63.926991,50.221422],[-63.901479,50.253974],[-63.857533,50.217434],[-63.856068,50.204657],[-63.884674,50.199368]]],[[[-70.425364,47.404975],[-70.323883,47.427436],[-70.393178,47.372748],[-70.435658,47.377021],[-70.425364,47.404975]]],[[[-68.891065,48.388033],[-68.838064,48.413809],[-68.844692,48.395994],[-68.891065,48.388033]]],[[[-58.861186,50.833051],[-58.846323,50.789443],[-58.861108,50.779595],[-58.885608,50.794251],[-58.861186,50.833051]]],[[[-58.462634,51.176264],[-58.427357,51.167123],[-58.495659,51.120955],[-58.569156,51.100745],[-58.581479,51.080003],[-58.621209,51.091776],[-58.546952,51.150419],[-58.462634,51.176264]]],[[[-58.307577,51.25227],[-58.307071,51.235822],[-58.362905,51.202219],[-58.41101,51.201632],[-58.413882,51.222177],[-58.388163,51.238934],[-58.307577,51.25227]]],[[[-67.55829,58.411003],[-67.526167,58.347056],[-67.530842,58.296897],[-67.581978,58.278453],[-67.635937,58.291037],[-67.661865,58.327191],[-67.636557,58.402225],[-67.592816,58.422209],[-67.55829,58.411003]]],[[[-68.995487,59.016345],[-68.974561,58.989633],[-69.120279,58.957302],[-69.061197,59.011175],[-68.995487,59.016345]]],[[[-69.923396,61.031589],[-69.911062,60.99987],[-69.950041,60.985939],[-69.977643,60.92986],[-70.003856,60.935066],[-70.011946,60.996764],[-69.956725,61.03498],[-69.923396,61.031589]]],[[[-71.585561,61.323891],[-71.487818,61.337112],[-71.486495,61.301894],[-71.586396,61.301991],[-71.585561,61.323891]]],[[[-72.112968,61.904632],[-71.993857,61.870657],[-71.97344,61.858942],[-72.058945,61.850503],[-72.130833,61.889039],[-72.112968,61.904632]]],[[[-72.462401,62.036652],[-72.384221,62.032399],[-72.328116,62.016038],[-72.352385,62.000292],[-72.462401,62.036652]]]]}},{"type":"Feature","properties":{"name":"New Brunswick"},"geometry":{"type":"MultiPolygon","coordinates":[[[[-67.176015,45.178656],[-67.254986,45.205045],[-67.31922,45.153886],[-67.356272,45.165926],[-67.471303,45.266282],[-67.428825,45.38705],[-67.48231,45.455521],[-67.493214,45.493142],[-67.42619,45.533449],[-67.431306,45.597941],[-67.449961,45.610809],[-67.607522,45.620059],[-67.690773,45.653804],[-67.72798,45.692251],[-67.761776,45.680107],[-67.807045,45.71287],[-67.811127,45.76651],[-67.772835,45.828057],[-67.799242,45.875651],[-67.757849,45.919472],[-67.784566,45.960142],[-67.813556,47.081908],[-67.943419,47.164538],[-67.993184,47.223217],[-68.24645,47.360573],[-68.347839,47.358506],[-68.382049,47.32781],[-68.385614,47.301713],[-68.435327,47.291275],[-68.518009,47.304762],[-68.644203,47.245283],[-68.761819,47.23704],[-68.889718,47.190609],[-69.0402,47.249055],[-69.06356,47.290809],[-68.583844,47.422248],[-68.408093,47.536298],[-68.379154,47.587948],[-68.377862,47.928341],[-68.11346,47.928341],[-68.11346,47.997536],[-67.612844,47.997536],[-67.605971,47.938056],[-67.414872,47.881264],[-67.363712,47.839277],[-67.319891,47.896147],[-67.188038,47.884984],[-67.050372,47.929064],[-66.961644,47.894545],[-66.941903,47.902296],[-66.938518,47.967822],[-66.89418,47.992084],[-66.731516,47.986518],[-66.385894,48.075141],[-66.355295,48.069281],[-66.361928,48.040595],[-66.345123,48.02143],[-66.261952,48.005845],[-66.238352,47.985175],[-66.215932,47.993232],[-65.970855,47.923896],[-65.81786,47.907416],[-65.772206,47.882921],[-65.7412,47.848578],[-65.689687,47.724677],[-65.628814,47.67064],[-65.669179,47.656358],[-65.635732,47.62226],[-65.591054,47.669176],[-65.477406,47.683702],[-65.363637,47.76203],[-65.20934,47.819688],[-65.025746,47.849595],[-64.977773,47.841986],[-65.073354,47.779893],[-64.826283,47.815497],[-64.785959,47.793565],[-64.789703,47.771308],[-64.860463,47.75255],[-64.785959,47.738959],[-64.778472,47.711005],[-64.763905,47.708075],[-64.758656,47.75255],[-64.735707,47.764472],[-64.668609,47.732123],[-64.757639,47.686387],[-64.812611,47.677476],[-64.799631,47.642686],[-64.814036,47.621568],[-64.892161,47.56151],[-64.908844,47.519843],[-64.874094,47.519843],[-64.929311,47.450914],[-64.867828,47.485704],[-64.908844,47.355333],[-64.908844,47.402533],[-64.960357,47.344794],[-64.959625,47.294298],[-65.042958,47.275214],[-65.122548,47.202745],[-65.367543,47.087795],[-65.244781,47.081895],[-65.203033,47.094631],[-65.206451,47.04678],[-65.032338,47.094631],[-64.984527,47.059882],[-64.908559,47.09276],[-64.799631,47.08161],[-64.82551,47.063544],[-64.806467,46.985419],[-64.852651,46.962714],[-64.905832,46.886868],[-64.8815,46.806627],[-64.792144,46.724718],[-64.839426,46.716864],[-64.854237,46.676337],[-64.832672,46.699368],[-64.75121,46.670071],[-64.749176,46.699815],[-64.713612,46.687161],[-64.717397,46.555976],[-64.690256,46.538642],[-64.677724,46.500556],[-64.71109,46.480455],[-64.654652,46.46369],[-64.613393,46.419298],[-64.627675,46.354153],[-64.70401,46.327501],[-64.657216,46.321031],[-64.574941,46.33869],[-64.558502,46.369127],[-64.523427,46.321601],[-64.563588,46.27969],[-64.559397,46.223782],[-64.514027,46.239407],[-64.405426,46.238105],[-64.380605,46.223782],[-64.253285,46.234442],[-64.185048,46.210191],[-64.151275,46.166327],[-64.110911,46.186835],[-64.082672,46.159288],[-64.037994,46.183458],[-63.973215,46.183458],[-63.813059,46.140286],[-63.771108,46.11522],[-63.860463,46.087266],[-63.894643,46.059963],[-64.072743,46.059963],[-64.093251,46.03262],[-64.042725,45.991981],[-64.051304,45.976832],[-64.159541,45.963758],[-64.273423,45.83567],[-64.321604,45.877834],[-64.36148,45.885077],[-64.339711,45.860704],[-64.419545,45.791164],[-64.464182,45.772773],[-64.494985,45.721015],[-64.545766,45.731594],[-64.508534,45.766181],[-64.490549,45.816718],[-64.531484,45.847032],[-64.531484,45.902248],[-64.548411,45.883612],[-64.572418,45.885606],[-64.678782,45.990953],[-64.703969,46.062161],[-64.764882,46.087266],[-64.710276,46.049628],[-64.696604,46.03262],[-64.703725,45.999376],[-64.635406,45.945217],[-64.572418,45.860704],[-64.585439,45.825914],[-64.676096,45.751532],[-64.641347,45.724189],[-64.689768,45.724189],[-64.771637,45.614325],[-64.817616,45.637437],[-64.904775,45.628241],[-64.994496,45.559068],[-65.315053,45.459215],[-65.519399,45.36461],[-65.544993,45.329576],[-65.697499,45.285224],[-65.752349,45.244371],[-65.793324,45.264879],[-65.888295,45.213853],[-65.929311,45.213039],[-65.995595,45.230292],[-66.039622,45.285142],[-66.135976,45.312649],[-66.001861,45.398586],[-66.009755,45.464342],[-66.05842,45.422675],[-66.09496,45.354234],[-66.121693,45.36107],[-66.196767,45.333808],[-66.154408,45.289618],[-66.070912,45.274482],[-66.060211,45.258043],[-66.115956,45.236721],[-66.202138,45.159491],[-66.249379,45.204657],[-66.310048,45.20482],[-66.327748,45.189765],[-66.248606,45.185289],[-66.258901,45.16177],[-66.342844,45.144395],[-66.358022,45.116604],[-66.440663,45.079901],[-66.461293,45.077745],[-66.460276,45.114732],[-66.490956,45.155626],[-66.692535,45.074612],[-66.724965,45.093573],[-66.745839,45.064521],[-66.78954,45.059394],[-66.780751,45.096829],[-66.80012,45.107815],[-66.803375,45.093411],[-66.888905,45.060696],[-66.911041,45.113918],[-66.84789,45.128323],[-66.916005,45.15469],[-66.943471,45.189765],[-66.985707,45.158759],[-67.021148,45.168362],[-67.045522,45.117174],[-67.040069,45.075629],[-67.086374,45.097642],[-67.131093,45.153835],[-67.140655,45.204617],[-67.162953,45.198513],[-67.167958,45.222602],[-67.190297,45.233181],[-67.176015,45.178656]]],[[[-66.901031,44.88939],[-66.930979,44.869859],[-66.91926,44.837307],[-66.98176,44.872463],[-66.958323,44.877672],[-66.933583,44.941474],[-66.904937,44.955797],[-66.891916,44.921942],[-66.901031,44.88939]]],[[[-66.938791,45.024807],[-66.985666,44.925849],[-67.016916,44.979234],[-66.973948,45.018297],[-66.938791,45.024807]]],[[[-66.905986,44.606169],[-66.825754,44.787584],[-66.791289,44.799104],[-66.74316,44.782047],[-66.735491,44.759083],[-66.761486,44.75453],[-66.690391,44.620002],[-66.708987,44.613741],[-66.742829,44.653408],[-66.783282,44.661205],[-66.839091,44.650351],[-66.876141,44.606331],[-66.905986,44.606169]]],[[[-64.50475,47.889797],[-64.511952,47.902533],[-64.477447,47.944403],[-64.509023,47.84455],[-64.53893,47.807196],[-64.648793,47.732123],[-64.654205,47.747056],[-64.696604,47.759426],[-64.648793,47.790473],[-64.654205,47.801907],[-64.689768,47.793606],[-64.668609,47.820868],[-64.700063,47.827948],[-64.668691,47.871283],[-64.567983,47.883043],[-64.579905,47.862454],[-64.50475,47.889797]]],[[[-64.590443,47.903469],[-64.510813,48.033596],[-64.484283,48.020087],[-64.472401,47.963365],[-64.487416,47.94123],[-64.590443,47.903469]]]]}},{"type":"Feature","properties":{"name":"Newfoundland and Labrador"},"geometry":{"type":"MultiPolygon","coordinates":[[[[-64.531406,60.303901],[-64.464223,60.291083],[-64.380605,60.245185],[-64.425771,60.242621],[-64.495107,60.272569],[-64.636545,60.293036],[-64.758656,60.238349],[-64.729319,60.234809],[-64.617096,60.272528],[-64.557362,60.269843],[-64.463246,60.238349],[-64.566274,60.176337],[-64.50414,60.178534],[-64.416168,60.223375],[-64.394928,60.217231],[-64.429067,60.196763],[-64.380605,60.170111],[-64.497914,60.114814],[-64.463246,60.08751],[-64.632436,60.071519],[-64.812489,60.008246],[-64.822336,59.98546],[-64.586741,60.060248],[-64.451527,60.066148],[-64.377187,60.129747],[-64.375478,60.081163],[-64.402415,60.08751],[-64.413726,60.071112],[-64.373769,60.040107],[-64.393219,60.014472],[-64.53954,60.010932],[-64.416615,59.985093],[-64.400502,59.97606],[-64.401926,59.941474],[-64.518422,59.902533],[-64.368967,59.927436],[-64.363515,59.957994],[-64.305531,59.997504],[-64.224233,59.997504],[-64.302602,60.009955],[-64.328969,60.028144],[-64.326039,60.060248],[-64.182607,60.032294],[-64.147857,59.984483],[-64.274403,59.963731],[-64.298736,59.943549],[-64.229319,59.941636],[-64.182607,59.915595],[-64.257721,59.87462],[-64.199045,59.876532],[-64.153188,59.912095],[-64.126373,59.907457],[-64.170277,59.845649],[-64.175852,59.796129],[-64.192535,59.77851],[-64.259389,59.788398],[-64.264556,59.764757],[-64.147857,59.682847],[-63.96231,59.694566],[-63.943023,59.689683],[-63.969797,59.66234],[-63.921986,59.655504],[-64.031606,59.644965],[-64.120595,59.518378],[-64.039947,59.562201],[-64.032135,59.610175],[-64.007314,59.62401],[-63.864084,59.611314],[-63.877553,59.583848],[-63.943023,59.566759],[-63.983388,59.525824],[-63.980702,59.506415],[-63.874135,59.572984],[-63.766916,59.548285],[-63.727691,59.519965],[-63.795033,59.422187],[-63.999827,59.418524],[-64.060658,59.387274],[-63.805898,59.374945],[-63.7506,59.388617],[-63.764882,59.36815],[-63.709625,59.36815],[-63.77481,59.263414],[-63.825754,59.244615],[-63.730133,59.265082],[-63.698354,59.325303],[-63.651682,59.36815],[-63.531565,59.347724],[-63.524078,59.323106],[-63.545155,59.258287],[-63.641428,59.224189],[-63.628977,59.216986],[-63.543935,59.219794],[-63.466379,59.278754],[-63.417836,59.290961],[-63.380727,59.278754],[-63.449045,59.244615],[-63.437001,59.22956],[-63.463246,59.193101],[-63.385732,59.219591],[-63.360829,59.198228],[-63.442209,59.120551],[-63.521474,59.108222],[-63.581776,59.075059],[-63.747182,59.052802],[-63.973541,59.078966],[-64.039906,59.01793],[-63.96939,59.036689],[-63.946441,59.059678],[-63.894643,59.059678],[-63.916615,59.026801],[-63.882314,58.961982],[-63.860463,58.963446],[-63.880971,59.018134],[-63.870758,59.033189],[-63.812123,59.046007],[-63.743804,59.018134],[-63.661855,59.03856],[-63.535797,59.036322],[-63.460601,59.070868],[-63.420806,59.065009],[-63.386627,59.101996],[-63.352773,59.104438],[-63.285146,59.093817],[-63.291331,59.07331],[-63.131581,59.062323],[-63.127431,59.046007],[-63.161977,59.030015],[-63.339752,59.032335],[-63.222483,59.005072],[-63.305572,58.942979],[-63.241038,58.975694],[-63.183176,58.984361],[-63.167836,58.963446],[-63.229848,58.942979],[-63.16161,58.922471],[-63.236684,58.881537],[-63.32608,58.861029],[-63.195058,58.859117],[-63.167836,58.881537],[-63.154775,58.874091],[-63.178863,58.828437],[-63.154775,58.82628],[-63.091868,58.894965],[-63.014516,58.897406],[-62.989654,58.881537],[-63.052398,58.861029],[-62.92691,58.823188],[-62.910024,58.796942],[-62.914622,58.751166],[-63.044911,58.710191],[-62.945627,58.702745],[-62.872874,58.715644],[-62.844594,58.685167],[-62.856679,58.655626],[-62.917633,58.631415],[-62.935374,58.596625],[-63.078359,58.559149],[-63.154775,58.524644],[-63.167836,58.504828],[-63.305572,58.510972],[-63.368642,58.497748],[-63.442209,58.524644],[-63.471425,58.490302],[-63.524078,58.477484],[-63.374908,58.490546],[-63.341949,58.478827],[-63.339752,58.463202],[-63.420766,58.399604],[-63.534779,58.352729],[-63.593007,58.305528],[-63.421702,58.367621],[-63.264027,58.470038],[-63.144114,58.47838],[-63.085846,58.456366],[-63.157135,58.395006],[-63.16161,58.367621],[-63.063303,58.451606],[-63.009674,58.428697],[-62.937734,58.468207],[-62.823557,58.471137],[-62.797841,58.497992],[-62.78425,58.497992],[-62.785959,58.45893],[-62.743723,58.496283],[-62.578603,58.504218],[-62.558258,58.477484],[-62.65392,58.414781],[-62.619374,58.370836],[-62.633412,58.360175],[-62.623443,58.309272],[-62.721181,58.273179],[-62.85554,58.268663],[-62.907582,58.214342],[-62.888051,58.202826],[-62.863026,58.23725],[-62.821685,58.257107],[-62.697174,58.253241],[-62.667592,58.27147],[-62.600413,58.254584],[-62.583323,58.235216],[-62.578765,58.223009],[-62.614613,58.213813],[-62.635243,58.186754],[-63.079091,58.155341],[-63.010813,58.141059],[-63.034535,58.118232],[-63.209381,58.062242],[-63.134348,58.065985],[-63.168121,58.028022],[-63.339752,57.983995],[-63.119537,58.004869],[-63.099436,58.021308],[-63.092437,58.058051],[-62.971425,58.096381],[-62.964426,58.115058],[-62.926178,58.13288],[-62.832631,58.147895],[-62.853139,58.134833],[-62.84081,58.123481],[-62.749582,58.125352],[-62.714182,58.144599],[-62.651235,58.123847],[-62.581166,58.165269],[-62.552113,58.12934],[-62.510487,58.175849],[-62.462066,58.181993],[-62.450999,58.167792],[-62.529408,58.103217],[-62.509755,58.074897],[-62.517323,58.058539],[-62.496327,58.059923],[-62.490061,58.093248],[-62.466135,58.107733],[-62.376698,58.112901],[-62.371327,58.096259],[-62.428578,58.086412],[-62.387034,58.07213],[-62.391184,58.051988],[-62.344594,58.071479],[-62.326894,58.064643],[-62.305043,58.031195],[-62.387034,57.997667],[-62.534495,58.005683],[-62.674957,57.935614],[-62.562001,57.969713],[-62.486643,57.976549],[-62.421132,57.963568],[-62.420766,57.870673],[-62.392323,57.883734],[-62.377349,57.949774],[-62.339182,57.983995],[-62.324941,57.945746],[-62.346018,57.915107],[-62.324086,57.909044],[-62.27774,57.956732],[-62.233022,57.939317],[-62.208852,57.908271],[-62.19518,57.943061],[-62.140859,57.978258],[-62.081532,57.946967],[-62.065745,57.898912],[-62.140533,57.833197],[-62.119456,57.818915],[-62.118723,57.797471],[-62.007151,57.781358],[-61.950063,57.709174],[-61.968617,57.688544],[-61.894154,57.67182],[-61.886708,57.637641],[-61.898101,57.62169],[-62.076812,57.582221],[-62.072336,57.552069],[-62.08967,57.540758],[-62.270334,57.538398],[-62.348948,57.45775],[-62.544667,57.511054],[-62.533681,57.496039],[-62.377065,57.428534],[-62.315012,57.428534],[-62.159373,57.469062],[-62.031321,57.456407],[-61.90038,57.415473],[-61.804799,57.367051],[-61.927642,57.367051],[-61.87149,57.342841],[-61.880483,57.277655],[-61.945058,57.257148],[-62.023915,57.257148],[-62.011627,57.242987],[-61.882965,57.210028],[-61.865102,57.17064],[-61.785268,57.196275],[-61.784291,57.154771],[-61.649241,57.2331],[-61.619781,57.229926],[-61.698638,57.171576],[-61.696441,57.157904],[-61.471791,57.156073],[-61.381907,57.12108],[-61.35912,57.089586],[-61.379628,57.055162],[-61.352284,57.02379],[-61.370676,57.002427],[-61.344838,56.989691],[-61.344838,56.955512],[-61.393219,56.989691],[-61.50178,56.978949],[-61.537262,56.962958],[-61.575103,56.914537],[-61.643422,56.883531],[-61.647125,56.825792],[-61.664174,56.808946],[-61.708608,56.813544],[-61.809193,56.78852],[-61.894154,56.805365],[-61.904652,56.793769],[-61.886708,56.750067],[-61.901479,56.723822],[-61.886708,56.702338],[-61.864735,56.741278],[-61.818471,56.756903],[-61.694936,56.7296],[-61.731923,56.703803],[-61.819936,56.70897],[-61.790517,56.68122],[-61.770619,56.687852],[-61.67162,56.655463],[-61.662668,56.628241],[-61.6881,56.620347],[-61.902252,56.643175],[-61.927642,56.653876],[-61.896799,56.668524],[-61.905141,56.678412],[-61.984446,56.664415],[-62.503082,56.784857],[-62.274078,56.827826],[-62.044423,56.825792],[-62.088694,56.841295],[-62.338857,56.8463],[-62.400624,56.832017],[-62.493764,56.8546],[-62.544667,56.839464],[-62.585601,56.797838],[-62.099924,56.650824],[-61.914052,56.626532],[-62.242991,56.620347],[-62.000966,56.587633],[-61.8697,56.593004],[-61.769643,56.564521],[-61.712026,56.575385],[-61.652659,56.531684],[-61.667592,56.503282],[-61.756581,56.485826],[-62.036773,56.508043],[-62.085927,56.483222],[-61.96996,56.48725],[-61.948069,56.465644],[-62.147369,56.455268],[-62.081044,56.429551],[-61.975413,56.421861],[-61.953114,56.442206],[-61.903798,56.414293],[-61.813954,56.403388],[-61.790517,56.393785],[-61.845774,56.38703],[-61.756418,56.339179],[-61.715443,56.345404],[-61.743316,56.332343],[-61.71996,56.324164],[-61.639638,56.325548],[-61.605621,56.30683],[-61.60554,56.283922],[-61.796254,56.313178],[-61.81786,56.304429],[-61.660756,56.270941],[-61.796539,56.256822],[-61.831451,56.270941],[-61.756418,56.283922],[-61.827463,56.297309],[-61.965566,56.286566],[-62.017934,56.308946],[-62.078481,56.298204],[-62.004018,56.25727],[-62.008901,56.240465],[-61.935292,56.217353],[-61.882232,56.234361],[-61.763173,56.229315],[-61.776845,56.208848],[-61.599233,56.223619],[-61.547027,56.200385],[-61.344838,56.22248],[-61.352284,56.205756],[-61.335194,56.178087],[-61.39151,56.16942],[-61.409413,56.13231],[-61.348541,56.147406],[-61.339589,56.138251],[-61.352284,56.119452],[-61.338612,56.111029],[-61.455312,56.058051],[-61.40038,56.050482],[-61.319976,56.067206],[-61.234975,56.043769],[-61.325592,56.037543],[-61.270375,56.024482],[-61.468129,56.029731],[-61.503082,56.010199],[-61.383046,55.996568],[-61.379872,55.979234],[-61.393178,55.976671],[-61.462148,56.002753],[-61.40274,55.959906],[-61.262929,55.969306],[-61.201487,55.948188],[-61.176584,55.97606],[-61.138987,55.972154],[-61.071156,55.92829],[-61.078521,55.89289],[-61.173329,55.898627],[-61.194,55.89289],[-61.193267,55.879625],[-61.0985,55.848334],[-60.933949,55.86994],[-60.895863,55.860419],[-60.781606,55.859687],[-60.746816,55.850165],[-60.728505,55.825263],[-60.735992,55.800035],[-60.81786,55.756415],[-60.968658,55.749498],[-60.943918,55.729804],[-60.862294,55.742743],[-60.749013,55.736518],[-60.696401,55.769761],[-60.653961,55.825303],[-60.601959,55.819566],[-60.626088,55.783026],[-60.607167,55.754706],[-60.612416,55.715399],[-60.591379,55.708564],[-60.656239,55.676378],[-60.631256,55.640448],[-60.685129,55.578559],[-60.681304,55.564561],[-60.602203,55.627875],[-60.507924,55.804023],[-60.489613,55.810492],[-60.423736,55.776842],[-60.399526,55.790473],[-60.372222,55.770006],[-60.334706,55.781968],[-60.331288,55.760077],[-60.385894,55.722846],[-60.372222,55.715399],[-60.385894,55.701117],[-60.375111,55.685492],[-60.49352,55.660102],[-60.52538,55.616767],[-60.530507,55.591905],[-60.471181,55.630194],[-60.434316,55.634467],[-60.399526,55.612982],[-60.394399,55.585069],[-60.454742,55.503119],[-60.340891,55.582709],[-60.319244,55.576117],[-60.333892,55.539903],[-60.304026,55.530463],[-60.31078,55.509345],[-60.343332,55.515977],[-60.386545,55.474921],[-60.454742,55.447862],[-60.444,55.402167],[-60.482086,55.352281],[-60.441477,55.368476],[-60.413238,55.400092],[-60.428456,55.415269],[-60.418935,55.42768],[-60.327707,55.494818],[-60.304026,55.489447],[-60.365387,55.434882],[-60.331288,55.455308],[-60.306223,55.436632],[-60.283762,55.440619],[-60.290273,55.479234],[-60.279449,55.501207],[-60.254018,55.50495],[-60.201568,55.489447],[-60.214589,55.441026],[-60.194081,55.427436],[-60.268544,55.421454],[-60.362416,55.390448],[-60.413238,55.311347],[-60.391469,55.305121],[-60.403961,55.292182],[-60.42809,55.282782],[-60.467844,55.297065],[-60.502553,55.270372],[-60.536733,55.204901],[-60.612416,55.167914],[-60.492096,55.226264],[-60.45816,55.235582],[-60.432973,55.220811],[-60.396637,55.258734],[-60.355336,55.259101],[-60.467844,55.188422],[-60.516225,55.119493],[-60.673899,55.050645],[-60.661448,55.037584],[-60.687571,54.995429],[-60.5572,55.085395],[-60.47525,55.112738],[-60.457102,55.154853],[-60.372222,55.167914],[-60.269032,55.242987],[-60.211985,55.247789],[-60.154042,55.290229],[-60.139516,55.284003],[-60.194081,55.194648],[-60.134145,55.235582],[-60.022817,55.276557],[-60.070546,55.235582],[-60.091054,55.188422],[-60.175933,55.123969],[-60.187896,55.099066],[-60.216868,55.105577],[-60.252268,55.086534],[-60.297109,55.023383],[-60.0985,55.140082],[-60.040435,55.218573],[-60.016225,55.226915],[-60.022817,55.235582],[-59.912953,55.242418],[-59.918284,55.262926],[-59.847035,55.309882],[-59.776357,55.331855],[-59.762074,55.284003],[-59.748402,55.276557],[-59.734771,55.292222],[-59.720204,55.274237],[-59.71642,55.252305],[-59.735422,55.25609],[-59.755849,55.22191],[-59.736806,55.217027],[-59.735422,55.201483],[-59.891225,55.15233],[-59.974477,55.155951],[-59.963979,55.117133],[-59.920318,55.146837],[-59.866119,55.147773],[-59.865712,55.119493],[-59.799957,55.112738],[-59.735666,55.15058],[-59.643422,55.133531],[-59.538401,55.177232],[-59.530588,55.214057],[-59.495229,55.194648],[-59.495229,55.140082],[-59.440053,55.151842],[-59.430043,55.142035],[-59.524648,55.058539],[-59.564076,55.050645],[-59.639231,54.995429],[-59.659657,55.002875],[-59.735422,54.968085],[-59.718129,54.955512],[-59.732004,54.937201],[-59.850087,54.874579],[-59.852773,54.844713],[-59.835317,54.854356],[-59.820058,54.840806],[-59.857777,54.789862],[-59.947662,54.756415],[-59.921986,54.743232],[-59.791982,54.786811],[-59.80309,54.814521],[-59.793446,54.875963],[-59.625559,54.948188],[-59.447621,55.061957],[-59.413564,55.057563],[-59.413238,55.030219],[-59.268666,55.208319],[-59.216054,55.218207],[-59.221506,55.167914],[-59.159779,55.238715],[-59.125315,55.194648],[-59.142649,55.154731],[-59.227895,55.114081],[-59.282867,55.058051],[-59.38622,55.004584],[-59.382558,54.978013],[-59.327626,55.016547],[-59.263254,55.030341],[-59.235178,55.050645],[-59.240834,55.071885],[-59.225413,55.084052],[-59.180531,55.099066],[-59.154286,55.074286],[-59.127919,55.127265],[-59.098948,55.115058],[-59.104807,55.078599],[-59.073476,55.108385],[-59.064076,55.148017],[-59.027415,55.161973],[-59.007965,55.153673],[-58.994944,55.119493],[-58.963857,55.140082],[-58.954254,55.13109],[-58.974436,55.078599],[-59.044789,54.998847],[-58.987782,55.019517],[-58.972524,54.995958],[-58.892486,54.954413],[-59.015452,54.893012],[-58.960805,54.893012],[-58.933461,54.920274],[-58.90567,54.922471],[-58.884104,54.897813],[-58.905588,54.893012],[-58.913808,54.848212],[-58.834137,54.842719],[-58.798411,54.857774],[-58.76476,54.842637],[-58.751291,54.802924],[-58.713002,54.84984],[-58.65217,54.809801],[-58.515736,54.803656],[-58.562896,54.769477],[-58.505238,54.783759],[-58.439361,54.776923],[-58.444203,54.760728],[-58.422353,54.744086],[-58.386952,54.747382],[-58.398427,54.789984],[-58.386342,54.795233],[-58.203521,54.797431],[-58.185292,54.785875],[-58.199086,54.777655],[-58.190094,54.764146],[-58.159495,54.742174],[-58.023549,54.742743],[-57.992177,54.716783],[-57.94286,54.742174],[-57.864817,54.74494],[-57.782094,54.68004],[-57.729726,54.690131],[-57.727854,54.663316],[-57.685902,54.637926],[-57.48644,54.6588],[-57.41218,54.619249],[-57.417836,54.597724],[-57.350413,54.589423],[-57.353179,54.566759],[-57.431996,54.557196],[-57.375478,54.526679],[-57.41161,54.491319],[-57.659779,54.488634],[-57.707021,54.475287],[-57.419016,54.461005],[-57.436676,54.449327],[-57.462229,54.462999],[-57.530751,54.453559],[-57.54186,54.447333],[-57.519195,54.434638],[-57.531117,54.42475],[-57.63386,54.383409],[-57.795766,54.392076],[-57.847076,54.37934],[-57.879058,54.393378],[-58.186147,54.358588],[-58.187571,54.344468],[-58.261301,54.310167],[-58.097401,54.331855],[-58.179351,54.297187],[-58.247629,54.290269],[-58.227162,54.263007],[-58.236318,54.256212],[-58.468088,54.233629],[-58.727406,54.145697],[-58.878733,54.147284],[-59.398305,54.049425],[-59.515696,54.063788],[-59.579661,54.05036],[-59.59142,54.043891],[-59.524485,54.026353],[-59.510813,54.001166],[-59.302846,54.018378],[-58.964223,54.074286],[-58.768951,54.12519],[-58.69811,54.124376],[-58.54308,54.194078],[-58.456044,54.20067],[-58.394887,54.236558],[-58.371165,54.228217],[-58.626332,54.044298],[-58.705434,54.032701],[-58.858388,54.050116],[-59.042714,54.030219],[-58.919789,54.015977],[-59.011708,53.957628],[-59.216542,53.930732],[-59.474517,53.828111],[-59.639231,53.824164],[-59.843984,53.844672],[-59.878774,53.824164],[-59.813954,53.81391],[-59.8072,53.798448],[-59.900014,53.795518],[-60.06371,53.762071],[-60.13268,53.783149],[-60.016591,53.708075],[-60.094146,53.700385],[-60.112172,53.617784],[-60.071034,53.566474],[-60.136098,53.529364],[-60.149159,53.555732],[-60.338735,53.625556],[-60.388539,53.667914],[-60.502553,53.708075],[-60.691274,53.738511],[-60.821278,53.779731],[-60.859446,53.83515],[-60.879303,53.831],[-60.863515,53.815416],[-60.869252,53.775702],[-60.934316,53.728258],[-60.920277,53.714301],[-60.835276,53.727973],[-60.636708,53.703843],[-60.441151,53.646064],[-60.275746,53.561998],[-60.181508,53.541002],[-60.101633,53.502021],[-60.06371,53.508857],[-60.041737,53.48017],[-60.037099,53.439927],[-60.13268,53.461046],[-60.345204,53.382392],[-60.365387,53.351793],[-60.397084,53.370103],[-60.412262,53.357978],[-60.381744,53.336982],[-60.204742,53.35456],[-60.181264,53.336371],[-60.276031,53.296576],[-60.420644,53.268622],[-60.302113,53.271796],[-60.169993,53.305487],[-60.128977,53.275458],[-60.103261,53.283149],[-60.091054,53.30622],[-60.13976,53.31566],[-60.153147,53.32392],[-60.142649,53.333686],[-60.029042,53.3581],[-59.899281,53.461046],[-59.874908,53.446601],[-59.884023,53.482164],[-59.873118,53.487738],[-59.783803,53.481513],[-59.860707,53.499701],[-59.891225,53.530585],[-59.879465,53.538153],[-59.75475,53.523993],[-59.607249,53.5338],[-59.511098,53.555406],[-59.367828,53.652411],[-59.329986,53.657172],[-59.317047,53.686998],[-59.269399,53.665351],[-59.207183,53.694444],[-59.187896,53.676011],[-59.151112,53.674628],[-59.076812,53.686998],[-59.066965,53.721137],[-59.022206,53.714301],[-59.007965,53.749091],[-59.05016,53.755235],[-59.048899,53.781806],[-59.070668,53.796251],[-58.880238,53.897284],[-58.840688,53.947089],[-58.657948,53.972846],[-58.289133,54.066596],[-58.220326,54.063788],[-58.128082,54.097886],[-57.795766,54.071234],[-57.795562,54.083564],[-57.85143,54.101874],[-57.951039,54.101264],[-58.037831,54.129462],[-58.150624,54.14057],[-58.321767,54.092841],[-58.415517,54.140448],[-58.391021,54.184312],[-58.356068,54.209581],[-58.252309,54.209174],[-58.228505,54.235704],[-58.198883,54.24018],[-58.097401,54.228217],[-58.011586,54.239732],[-57.935129,54.2119],[-57.861684,54.202989],[-57.767812,54.214545],[-57.782094,54.20775],[-57.770253,54.197333],[-57.603383,54.187323],[-57.617014,54.166815],[-57.548818,54.186957],[-57.528879,54.173651],[-57.466176,54.200303],[-57.390533,54.154039],[-57.398508,54.132636],[-57.356923,54.139472],[-57.365387,54.108507],[-57.342681,54.067328],[-57.262034,53.978013],[-57.15803,53.951117],[-57.144643,53.934027],[-57.216949,53.930284],[-57.21345,53.879096],[-57.075795,53.824164],[-57.137807,53.824164],[-57.107981,53.804063],[-57.155263,53.77204],[-57.124135,53.741645],[-57.457102,53.648627],[-57.51769,53.6258],[-57.549387,53.590766],[-57.446278,53.625556],[-57.453725,53.598212],[-57.377024,53.607245],[-57.317779,53.585191],[-57.343861,53.543565],[-57.306142,53.534491],[-57.309153,53.495185],[-57.377431,53.433702],[-57.333079,53.447374],[-57.281158,53.439927],[-57.2919,53.469346],[-57.135365,53.550401],[-57.146881,53.571397],[-57.165761,53.562852],[-57.13036,53.587714],[-57.133127,53.621039],[-57.074574,53.636949],[-57.060658,53.649888],[-57.068959,53.66649],[-56.983469,53.727484],[-56.946034,53.735419],[-56.885854,53.720079],[-56.815053,53.733385],[-56.795237,53.721137],[-56.745229,53.733344],[-56.754262,53.749091],[-56.715403,53.752305],[-56.596018,53.714301],[-56.631337,53.741645],[-56.61026,53.749091],[-56.617665,53.769517],[-56.594879,53.756578],[-56.479888,53.790025],[-56.436513,53.767524],[-56.424062,53.753404],[-56.439565,53.741645],[-56.41161,53.727973],[-56.544057,53.712144],[-56.606191,53.678656],[-56.726918,53.686998],[-56.59732,53.645575],[-56.431142,53.617377],[-56.348622,53.63642],[-56.260162,53.604438],[-56.350168,53.598212],[-56.330393,53.590766],[-56.158355,53.598212],[-56.036244,53.58043],[-55.979604,53.549791],[-55.98644,53.522528],[-56.015492,53.504014],[-56.02123,53.522528],[-56.052887,53.524604],[-56.062164,53.529364],[-56.041086,53.5362],[-56.069692,53.545762],[-56.263499,53.553656],[-56.052846,53.478502],[-56.03067,53.461249],[-56.034901,53.433702],[-55.965932,53.412665],[-56.041086,53.371649],[-56.014272,53.365912],[-55.924672,53.401557],[-55.85676,53.371649],[-55.890248,53.351793],[-55.816518,53.340399],[-55.807729,53.333319],[-55.911366,53.309638],[-55.819203,53.299669],[-55.808217,53.279364],[-55.863596,53.248155],[-55.81078,53.233751],[-55.773061,53.259263],[-55.745473,53.255601],[-55.794749,53.205756],[-55.843088,53.214667],[-55.810943,53.183824],[-55.760813,53.173529],[-55.774159,53.166205],[-55.746897,53.145738],[-55.828765,53.097357],[-55.945465,53.118476],[-55.877187,53.07685],[-55.886464,53.053412],[-55.931386,53.025824],[-56.058746,53.04267],[-56.165191,53.028428],[-56.082021,53.022203],[-56.137278,52.987494],[-56.122792,52.97309],[-56.051137,53.00434],[-55.904164,52.983507],[-55.884023,52.96015],[-55.911366,52.953966],[-55.834788,52.92357],[-55.843088,52.899359],[-55.812856,52.877021],[-55.802113,52.840684],[-55.978383,52.8133],[-56.000111,52.795722],[-55.925038,52.795722],[-55.975168,52.777899],[-56.162465,52.817979],[-56.13683,52.786851],[-56.03775,52.754869],[-56.027415,52.721259],[-55.965932,52.687079],[-55.777577,52.681098],[-55.73941,52.652289],[-55.780385,52.631822],[-55.753733,52.624986],[-55.802113,52.597724],[-55.817291,52.613511],[-55.884023,52.611396],[-55.940297,52.639757],[-56.097239,52.662177],[-56.124257,52.645453],[-56.016998,52.641547],[-55.978139,52.617743],[-56.048492,52.577216],[-56.011545,52.576361],[-55.98644,52.556708],[-56.117096,52.57038],[-56.21817,52.540269],[-56.298492,52.572618],[-56.500356,52.597724],[-56.450063,52.574286],[-56.35261,52.568793],[-56.266713,52.53856],[-56.040639,52.545356],[-56.01065,52.518012],[-55.911366,52.507676],[-55.828765,52.521959],[-55.843088,52.494615],[-55.74059,52.492906],[-55.758616,52.44953],[-55.647572,52.443183],[-55.662668,52.403917],[-55.644887,52.39289],[-55.653879,52.365058],[-55.685902,52.360419],[-55.744211,52.387274],[-55.808258,52.385443],[-55.767323,52.350653],[-55.783559,52.33869],[-56.19872,52.446845],[-56.116811,52.399034],[-56.02538,52.391913],[-55.943837,52.346381],[-55.822581,52.330186],[-55.85676,52.303453],[-55.820058,52.308214],[-55.767323,52.281806],[-55.70934,52.296007],[-55.794667,52.24079],[-55.705922,52.255072],[-55.616526,52.220323],[-55.741444,52.212348],[-55.75121,52.224799],[-55.780385,52.206651],[-55.69225,52.186143],[-55.706614,52.145982],[-55.684804,52.11168],[-55.712066,52.090644],[-55.802113,52.083726],[-55.761138,52.056464],[-55.810129,52.022528],[-55.887441,52.006903],[-55.965932,52.021674],[-55.897694,51.970445],[-55.934193,51.925238],[-56.116811,51.864],[-56.2329,51.787299],[-56.350168,51.778673],[-56.41161,51.73371],[-56.452748,51.742906],[-56.475657,51.705797],[-56.578969,51.657416],[-56.682485,51.648139],[-56.700063,51.586859],[-56.810536,51.526801],[-56.802073,51.514594],[-56.825347,51.489976],[-56.896108,51.47724],[-56.925526,51.500922],[-56.95287,51.473619],[-56.941396,51.460557],[-56.949859,51.434068],[-57.048451,51.419013],[-57.100876,51.419213],[-57.100979,52.000082],[-63.738714,51.999798],[-63.774422,52.013621],[-63.819562,52.068114],[-63.670398,52.035739],[-63.644094,52.036979],[-63.640063,52.050622],[-63.671767,52.097802],[-63.7144,52.228647],[-63.783207,52.291227],[-63.749514,52.322388],[-63.972656,52.353583],[-64.029053,52.397821],[-64.081173,52.473438],[-63.995459,52.55788],[-63.875934,52.60841],[-63.379097,52.651153],[-63.384188,52.673219],[-63.438887,52.715878],[-63.595777,52.770888],[-63.612039,52.861203],[-63.71866,52.778658],[-64.107308,52.720189],[-64.165778,52.675477],[-64.162338,52.596372],[-64.189853,52.572296],[-64.141702,52.489751],[-64.127945,52.38657],[-64.165778,52.321222],[-64.20705,52.304025],[-64.220807,52.266192],[-64.210489,52.22148],[-64.155459,52.132057],[-64.172656,52.11486],[-64.210489,52.128618],[-64.251762,52.11486],[-64.272398,52.039194],[-64.234565,51.980725],[-64.275837,51.966967],[-64.337746,52.011679],[-64.361822,51.966967],[-64.334307,51.819074],[-64.293034,51.784681],[-64.279277,51.739969],[-64.344625,51.667742],[-64.406533,51.653985],[-64.530351,51.592076],[-64.578502,51.612712],[-64.688561,51.722772],[-64.771106,51.764045],[-64.85709,51.774363],[-64.918999,51.760605],[-64.922438,51.729651],[-64.956832,51.722772],[-65.032498,51.760605],[-65.080649,51.750287],[-65.18383,51.774363],[-65.18383,51.822514],[-65.221663,51.825953],[-65.276693,51.867226],[-65.317966,51.853468],[-65.338602,51.819074],[-65.393632,51.89818],[-65.359238,51.94977],[-65.376435,51.984164],[-65.414268,51.984164],[-65.45898,52.025437],[-65.500252,52.097663],[-65.551843,52.032315],[-65.613751,52.032315],[-65.661902,51.987603],[-65.682539,52.025437],[-65.655024,52.107981],[-65.73069,52.087345],[-65.823553,52.107981],[-65.902658,52.080466],[-65.940491,52.094224],[-65.992082,52.05983],[-66.088384,52.090784],[-66.078066,52.16989],[-66.122778,52.200844],[-66.195004,52.22148],[-66.256913,52.297147],[-66.284428,52.307465],[-66.301625,52.286828],[-66.263792,52.156132],[-66.301625,52.132057],[-66.373852,52.142375],[-66.408245,52.218041],[-66.456396,52.266192],[-66.480472,52.33498],[-66.43576,52.376252],[-66.349776,52.359055],[-66.363533,52.4416],[-66.38417,52.469115],[-66.373852,52.541342],[-66.408245,52.589493],[-66.404806,52.647962],[-66.373852,52.668598],[-66.311943,52.610129],[-66.287867,52.610129],[-66.332579,52.737386],[-66.401366,52.844006],[-66.391048,52.871521],[-66.287867,52.847445],[-66.291307,52.902475],[-66.315382,52.936869],[-66.363533,53.002217],[-66.425442,53.036611],[-66.456396,53.029732],[-66.463275,52.995338],[-66.507987,52.957505],[-66.624925,52.936869],[-66.65588,52.795855],[-66.769379,52.764901],[-66.759061,52.706431],[-66.769379,52.678916],[-66.793454,52.678916],[-66.824409,52.723628],[-66.851924,52.730507],[-66.865681,52.66172],[-66.948226,52.737386],[-67.041089,52.775219],[-67.061725,52.87496],[-67.133952,52.857763],[-67.164906,52.81993],[-67.302481,52.868082],[-67.347193,52.916233],[-67.333435,52.943748],[-67.367829,53.015974],[-67.385026,53.105398],[-67.299041,53.156988],[-67.240572,53.167307],[-67.168345,53.153549],[-67.120194,53.122595],[-67.051407,53.122595],[-67.047968,53.074444],[-66.996377,53.081322],[-66.98262,53.105398],[-66.992938,53.167307],[-66.969911,53.183396],[-66.961983,53.294563],[-67.010134,53.353032],[-66.986059,53.383987],[-66.889757,53.414941],[-67.030771,53.514683],[-67.323117,53.566273],[-67.398783,53.635061],[-67.41254,53.69353],[-67.594827,53.782953],[-67.512282,53.813908],[-67.5226,53.837983],[-67.594827,53.858619],[-67.615463,53.923967],[-67.746159,53.982437],[-67.808068,54.034027],[-67.773674,54.12689],[-67.74272,54.154405],[-67.704887,54.154405],[-67.639539,54.188799],[-67.639539,54.230071],[-67.691129,54.305737],[-67.746159,54.34357],[-67.749599,54.426115],[-67.63266,54.484584],[-67.605145,54.470827],[-67.508843,54.488024],[-67.495085,54.539614],[-67.515722,54.574008],[-67.498525,54.594644],[-67.268087,54.484584],[-67.233693,54.515539],[-67.261208,54.570568],[-67.192421,54.611841],[-67.154588,54.61528],[-67.085801,54.680628],[-67.085801,54.732219],[-67.264648,54.8354],[-67.422859,54.99705],[-67.443495,55.050713],[-67.408076,55.080618],[-67.3564,55.088317],[-67.274131,55.065993],[-67.3094,55.01566],[-67.02518,54.896029],[-66.993295,54.837015],[-66.936167,54.799084],[-66.785039,54.745806],[-66.701349,54.740173],[-66.721064,54.775468],[-66.642464,54.781204],[-66.607117,54.803942],[-66.728815,54.938662],[-66.728195,54.95985],[-66.660758,54.984241],[-66.762328,55.104208],[-66.743078,55.17162],[-66.688715,55.201747],[-66.837155,55.317244],[-66.832039,55.334659],[-66.770415,55.338793],[-66.699567,55.307115],[-66.676751,55.257816],[-66.587997,55.255439],[-66.558903,55.240375],[-66.4933,55.171465],[-66.421961,55.137307],[-66.254322,54.998116],[-66.134123,54.965482],[-66.039917,54.911016],[-65.97111,54.927759],[-65.855975,54.907502],[-65.846699,54.856213],[-65.819052,54.816344],[-65.680606,54.714824],[-65.625609,54.749166],[-65.545451,54.725484],[-65.479868,54.730949],[-65.44526,54.74552],[-65.445255,54.780136],[-65.48169,54.816571],[-65.472581,54.842076],[-65.399711,54.823859],[-65.317731,54.836611],[-65.29587,54.82568],[-65.221178,54.851185],[-65.162882,54.929521],[-65.102764,54.956847],[-64.940627,54.929521],[-64.871401,54.889442],[-64.847718,54.849363],[-64.782134,54.834789],[-64.758452,54.816571],[-64.776669,54.767384],[-64.76756,54.738236],[-64.576276,54.727305],[-64.457861,54.79471],[-64.392278,54.789245],[-64.180954,54.71091],[-64.113549,54.630752],[-64.051609,54.607069],[-63.898582,54.601604],[-63.802028,54.641683],[-63.740089,54.623465],[-63.729158,54.647148],[-63.789276,54.71091],[-63.871255,54.747345],[-63.904047,54.781958],[-63.82389,54.829324],[-63.845751,54.880333],[-63.814781,54.940451],[-63.605279,54.902194],[-63.59617,54.96049],[-63.57613,54.978708],[-63.585239,55.049757],[-63.601635,55.071618],[-63.588883,55.120805],[-63.548804,55.184567],[-63.454073,55.204606],[-63.419459,55.224645],[-63.41035,55.251972],[-63.550626,55.226467],[-63.645357,55.244685],[-63.659931,55.270189],[-63.645357,55.286585],[-63.541517,55.308446],[-63.536052,55.32302],[-63.57613,55.326664],[-63.577952,55.339416],[-63.342945,55.361277],[-63.330193,55.388604],[-63.33748,55.412286],[-63.641714,55.425039],[-63.738267,55.439613],[-63.767415,55.461474],[-63.769237,55.483335],[-63.685436,55.51977],[-63.66904,55.62361],[-63.681792,55.650937],[-63.749198,55.65458],[-63.692723,55.752955],[-63.696367,55.776638],[-63.76195,55.793034],[-63.767415,55.829469],[-63.825711,55.869548],[-63.840285,55.91327],[-63.691033,55.941164],[-63.574951,55.991725],[-63.484698,55.999373],[-63.444933,56.022834],[-63.607456,56.018364],[-63.70316,56.047277],[-63.804317,56.043246],[-63.877904,56.078593],[-63.841395,56.112027],[-63.861807,56.123293],[-64.010325,56.069756],[-64.021746,56.089807],[-64.010945,56.155591],[-63.8878,56.194219],[-63.876897,56.217292],[-63.941725,56.253001],[-64.09107,56.262819],[-64.136571,56.303695],[-64.114711,56.321782],[-64.108149,56.375371],[-64.169669,56.425652],[-64.145433,56.436142],[-63.961465,56.419606],[-63.877129,56.439346],[-63.874649,56.451645],[-63.947047,56.483478],[-63.953016,56.557711],[-64.014976,56.589285],[-64.036887,56.627293],[-64.106056,56.669435],[-64.125719,56.709278],[-64.083551,56.765631],[-63.992858,56.788627],[-64.010842,56.836996],[-63.997432,56.854773],[-63.943249,56.875495],[-63.871367,56.878131],[-63.915395,56.936602],[-63.900409,56.975024],[-63.865889,56.991767],[-63.884648,57.019517],[-63.876044,57.059205],[-63.850283,57.084268],[-63.795248,57.100908],[-63.780882,57.128012],[-63.790235,57.168914],[-63.743313,57.22674],[-63.773363,57.263068],[-63.820492,57.274541],[-63.85018,57.191807],[-63.868422,57.200592],[-63.869197,57.249788],[-63.837984,57.325338],[-63.707915,57.385231],[-63.764629,57.462643],[-63.76494,57.564394],[-63.732435,57.603177],[-63.639211,57.639118],[-63.583943,57.708054],[-63.610582,57.739499],[-63.64921,57.731153],[-63.695926,57.658961],[-63.769513,57.730533],[-63.81752,57.68852],[-63.847028,57.72379],[-63.891883,57.730352],[-63.911106,57.783243],[-63.939425,57.800968],[-64.010583,57.813681],[-64.018852,57.778127],[-64.053888,57.767895],[-64.214395,57.977547],[-64.221372,58.045243],[-64.427638,58.074802],[-64.38963,58.187715],[-64.209176,58.237996],[-64.15644,58.348118],[-64.050814,58.372303],[-63.979397,58.433979],[-63.864572,58.438294],[-63.819872,58.474106],[-63.861885,58.547538],[-63.89041,58.566839],[-64.006553,58.527952],[-64.077995,58.552034],[-64.096547,58.6142],[-64.059418,58.669029],[-63.880772,58.704996],[-63.574073,58.7159],[-63.497824,58.73719],[-63.483742,58.758636],[-63.571825,58.835272],[-63.760418,58.879094],[-63.841912,58.829794],[-63.982187,58.823335],[-64.126339,58.752486],[-64.15706,58.750781],[-64.261524,58.781787],[-64.258553,58.850052],[-64.31041,58.884675],[-64.567991,58.887259],[-64.701549,58.94232],[-64.822679,58.91134],[-64.882158,58.935059],[-64.8403,58.956324],[-64.863529,58.993686],[-64.824126,59.036759],[-64.754207,59.065077],[-64.715863,59.065697],[-64.639899,59.024976],[-64.437896,58.982912],[-64.358883,58.985392],[-64.292065,59.007251],[-64.348082,59.066214],[-64.469108,59.088383],[-64.489521,59.105721],[-64.498125,59.165743],[-64.533988,59.195302],[-64.507452,59.250079],[-64.536469,59.297363],[-64.505308,59.341727],[-64.537192,59.372707],[-64.485903,59.399527],[-64.503422,59.429525],[-64.35573,59.484225],[-64.349374,59.505102],[-64.376194,59.523499],[-64.45345,59.525876],[-64.702014,59.447276],[-64.755861,59.474639],[-64.771881,59.514249],[-64.893412,59.564743],[-64.903178,59.603807],[-64.885041,59.663797],[-64.774456,59.699216],[-64.810302,59.771907],[-64.801465,59.805394],[-64.8141,59.818985],[-64.747722,59.843169],[-64.767695,59.880066],[-64.737025,59.891848],[-64.670698,59.883374],[-64.654394,59.916679],[-64.663515,59.940373],[-64.690077,59.949054],[-64.7902,59.97174],[-64.845339,59.968278],[-64.904224,60.047756],[-64.877352,60.059745],[-64.817175,60.039281],[-64.781544,60.04357],[-64.705141,60.064215],[-64.74103,60.101422],[-64.599178,60.117829],[-64.635997,60.17426],[-64.748885,60.173614],[-64.809553,60.197721],[-64.858025,60.236324],[-64.844667,60.264125],[-64.764207,60.289602],[-64.531406,60.303901]]],[[[-55.877187,47.266018],[-55.92809,47.273424],[-55.949941,47.268134],[-55.888051,47.294908],[-55.843088,47.273424],[-55.871002,47.251654],[-55.877187,47.266018]]],[[[-54.122548,47.642727],[-54.151031,47.587795],[-54.156646,47.533515],[-54.244049,47.407701],[-54.27245,47.395697],[-54.362701,47.40998],[-54.259674,47.485745],[-54.217437,47.5397],[-54.214019,47.558539],[-54.246002,47.553941],[-54.239858,47.564399],[-54.170969,47.62226],[-54.184641,47.595526],[-54.170969,47.58808],[-54.126047,47.670111],[-54.122548,47.642727]]],[[[-55.925038,47.677476],[-55.937978,47.656928],[-55.924143,47.638739],[-55.877187,47.616034],[-55.957183,47.605902],[-56.109975,47.636542],[-56.108266,47.65412],[-56.083485,47.666164],[-55.969635,47.685777],[-55.925038,47.677476]]],[[[-54.0985,47.491848],[-54.081532,47.691148],[-54.061106,47.656399],[-54.081532,47.609198],[-54.062978,47.543443],[-54.081532,47.526679],[-54.071034,47.518256],[-54.081532,47.478217],[-54.0985,47.491848]]],[[[-53.67748,48.149848],[-53.543528,48.207017],[-53.514027,48.186754],[-53.533518,48.177191],[-53.520009,48.158149],[-53.553944,48.108222],[-53.533518,48.108222],[-53.5655,48.08218],[-53.618804,48.082099],[-53.718414,48.101996],[-53.875234,48.106513],[-53.931386,48.208441],[-53.92101,48.21662],[-53.841298,48.171373],[-53.769928,48.177191],[-53.67748,48.149848]]],[[[-54.64391,49.475328],[-54.685455,49.457587],[-54.677805,49.438381],[-54.698557,49.40766],[-54.749908,49.424262],[-54.740387,49.458889],[-54.679596,49.492906],[-54.64391,49.475328]]],[[[-55.725738,49.561916],[-55.65746,49.561916],[-55.657094,49.541449],[-55.708485,49.50849],[-55.733225,49.513495],[-55.725738,49.561916]]],[[[-55.578969,49.609687],[-55.572906,49.598131],[-55.670277,49.571112],[-55.725738,49.581773],[-55.702545,49.622545],[-55.671742,49.63703],[-55.631418,49.622463],[-55.629547,49.603461],[-55.578969,49.609687]]],[[[-54.883453,49.55508],[-54.897125,49.581773],[-54.884999,49.595201],[-54.795766,49.60102],[-54.780629,49.595893],[-54.795277,49.563625],[-54.732655,49.55508],[-54.672922,49.578681],[-54.633697,49.633775],[-54.615956,49.63703],[-54.630238,49.623358],[-54.614084,49.616116],[-54.539377,49.661038],[-54.529286,49.625067],[-54.546051,49.584784],[-54.718984,49.534613],[-54.744008,49.493801],[-54.876617,49.493598],[-54.806874,49.515611],[-54.883453,49.55508]]],[[[-54.276763,49.575588],[-54.291982,49.587388],[-54.307485,49.67178],[-54.252838,49.677965],[-54.280141,49.698432],[-54.26651,49.712714],[-54.287587,49.712714],[-54.269846,49.72724],[-54.197621,49.705268],[-54.191396,49.677965],[-54.184641,49.726386],[-54.13679,49.732611],[-54.150461,49.75373],[-54.110219,49.754462],[-54.035797,49.714993],[-54.029775,49.675971],[-53.978505,49.664293],[-53.987172,49.651068],[-54.030019,49.657457],[-54.115712,49.616523],[-54.276763,49.575588]]],[[[-55.510365,50.805121],[-55.452301,50.79621],[-55.47997,50.780951],[-55.465688,50.767279],[-55.52359,50.721015],[-55.582387,50.698961],[-55.598256,50.716864],[-55.64273,50.723334],[-55.619944,50.791815],[-55.596059,50.774726],[-55.510365,50.805121]]],[[[-55.527821,50.972724],[-55.573069,50.923041],[-55.547597,50.890815],[-55.623362,50.911933],[-55.613393,50.931342],[-55.63915,50.961493],[-55.562652,50.985989],[-55.527821,50.972724]]],[[[-52.67691,47.560777],[-52.616607,47.522691],[-52.628529,47.485745],[-52.690582,47.464586],[-52.656606,47.437079],[-52.711049,47.383246],[-52.738393,47.320624],[-52.800445,47.306952],[-52.759511,47.300116],[-52.814076,47.273424],[-52.80191,47.258775],[-52.868764,47.101508],[-52.937611,47.087836],[-52.849192,47.06981],[-52.856272,47.055854],[-52.874908,47.059882],[-52.854482,47.026353],[-52.89509,46.995551],[-52.882395,46.977973],[-52.898549,46.966986],[-52.882192,46.951117],[-52.934071,46.847113],[-52.941274,46.791327],[-53.031321,46.736029],[-53.066884,46.665595],[-53.143056,46.629136],[-53.19286,46.627631],[-53.253651,46.683173],[-53.265981,46.739],[-53.32433,46.693996],[-53.3485,46.717271],[-53.389475,46.683783],[-53.355336,46.739],[-53.448801,46.664008],[-53.554677,46.618354],[-53.589996,46.626166],[-53.622874,46.655829],[-53.636464,46.711371],[-53.601633,46.764228],[-53.600087,46.812567],[-53.544057,46.878485],[-53.485707,46.902899],[-53.544057,46.88581],[-53.611562,46.814276],[-53.644887,46.801174],[-53.598704,46.905951],[-53.521148,46.944648],[-53.519195,46.964301],[-53.567698,46.943834],[-53.567698,46.977973],[-53.591868,46.950019],[-53.608632,46.953518],[-53.600087,46.986884],[-53.643381,46.985419],[-53.578114,47.059516],[-53.581899,47.08161],[-53.498687,47.135647],[-53.524322,47.1435],[-53.519195,47.169745],[-53.571034,47.156155],[-53.56017,47.204535],[-53.617299,47.11933],[-53.650217,47.108344],[-53.629058,47.156155],[-53.64977,47.147162],[-53.70401,47.061103],[-53.766835,47.040025],[-53.818471,46.962592],[-53.869252,46.943834],[-53.882924,46.909084],[-53.934153,46.886054],[-53.947825,46.85814],[-53.992177,46.848293],[-54.050364,46.808051],[-54.098622,46.800482],[-54.188547,46.828437],[-54.197621,46.88581],[-54.185414,46.927802],[-54.010406,47.233873],[-53.931752,47.234361],[-53.989084,47.2626],[-53.996205,47.317206],[-53.961415,47.30329],[-53.922271,47.313218],[-53.92394,47.32807],[-53.876698,47.361518],[-53.914296,47.363471],[-53.892893,47.39289],[-53.807851,47.423651],[-53.848785,47.44477],[-53.902008,47.431545],[-53.923451,47.454088],[-53.887847,47.516913],[-53.903432,47.533515],[-53.892568,47.598822],[-53.903432,47.616034],[-53.92394,47.609198],[-53.939849,47.634914],[-53.964711,47.756903],[-54.000844,47.771145],[-54.005849,47.820868],[-54.060862,47.80036],[-54.081532,47.875474],[-54.098256,47.837592],[-54.125071,47.828111],[-54.170969,47.875474],[-54.26651,47.903469],[-54.197621,47.869289],[-54.198232,47.833319],[-54.280141,47.697943],[-54.32726,47.71015],[-54.326568,47.64765],[-54.411041,47.530666],[-54.458363,47.499416],[-54.444651,47.485745],[-54.438466,47.499416],[-54.403676,47.450914],[-54.452056,47.423651],[-54.444325,47.449449],[-54.465728,47.450914],[-54.506093,47.402533],[-54.472564,47.402533],[-54.507965,47.382229],[-54.605824,47.352484],[-54.615956,47.368964],[-54.575022,47.396308],[-54.437164,47.55565],[-54.417348,47.609198],[-54.602935,47.40998],[-54.664418,47.3758],[-54.677398,47.402533],[-54.712148,47.3758],[-54.698557,47.361518],[-54.710927,47.356024],[-54.732655,47.3758],[-54.770009,47.366523],[-54.77359,47.383246],[-54.822011,47.368964],[-54.787262,47.423651],[-54.801503,47.423],[-54.828236,47.3758],[-54.840321,47.397447],[-54.822011,47.423651],[-54.83788,47.419257],[-54.924428,47.334906],[-54.928944,47.311347],[-54.989247,47.28026],[-55.027455,47.238674],[-55.040598,47.217719],[-55.013173,47.193996],[-55.026967,47.172553],[-55.073801,47.156968],[-55.071848,47.200751],[-55.088002,47.206244],[-55.136098,47.169745],[-55.088938,47.169745],[-55.074696,47.081],[-55.10261,47.08161],[-55.095123,47.059882],[-55.134877,47.047593],[-55.154612,47.0126],[-55.178334,47.026353],[-55.171498,47.067328],[-55.196156,47.069648],[-55.200185,46.980536],[-55.2329,46.957465],[-55.229563,46.936225],[-55.250885,46.91885],[-55.311757,46.902899],[-55.370107,46.909084],[-55.359039,46.874701],[-55.417836,46.866604],[-55.473256,46.897528],[-55.465688,46.930813],[-55.524159,46.921698],[-55.527821,46.943834],[-55.551259,46.900946],[-55.575917,46.90762],[-55.649526,46.867906],[-55.728912,46.869289],[-55.73941,46.854438],[-55.950307,46.904364],[-55.981313,46.932034],[-55.97997,46.970364],[-55.869862,47.075141],[-55.761138,47.108344],[-55.684804,47.09516],[-55.487172,47.140286],[-55.461741,47.180894],[-55.301259,47.267646],[-55.255279,47.411444],[-55.18399,47.460354],[-54.95519,47.506171],[-54.950999,47.529242],[-54.892323,47.536282],[-54.853179,47.560126],[-54.841908,47.58808],[-54.869293,47.571845],[-54.876617,47.581244],[-54.841908,47.616034],[-54.698557,47.67064],[-54.77359,47.67064],[-54.766754,47.683743],[-54.8933,47.619208],[-55.08849,47.601711],[-54.952545,47.75137],[-54.9381,47.78734],[-55.10261,47.62226],[-55.094879,47.600653],[-55.108551,47.585435],[-55.131174,47.583564],[-55.15038,47.601752],[-55.129872,47.663804],[-55.194814,47.63642],[-55.322418,47.6706],[-55.362375,47.65412],[-55.376943,47.680609],[-55.34968,47.711168],[-55.363352,47.718451],[-55.355824,47.732123],[-55.390614,47.718451],[-55.376943,47.704169],[-55.391021,47.697333],[-55.427317,47.71955],[-55.431386,47.672675],[-55.470204,47.626899],[-55.459462,47.616034],[-55.417877,47.633612],[-55.396799,47.616034],[-55.431549,47.58808],[-55.390614,47.595526],[-55.418528,47.533515],[-55.402333,47.520738],[-55.407053,47.501451],[-55.437815,47.471381],[-55.520904,47.464586],[-55.5985,47.399319],[-55.589223,47.45775],[-55.664296,47.437242],[-55.589223,47.512397],[-55.638417,47.545315],[-55.651275,47.526679],[-55.623362,47.526679],[-55.664296,47.491889],[-55.712717,47.506171],[-55.698476,47.485745],[-55.774159,47.45775],[-55.753733,47.540269],[-55.786529,47.513617],[-55.787831,47.478217],[-55.805247,47.462226],[-55.85676,47.478217],[-55.917592,47.437242],[-55.916656,47.457343],[-55.746897,47.58808],[-56.105784,47.466702],[-56.161936,47.491929],[-56.169423,47.50373],[-56.15095,47.519843],[-55.911366,47.567613],[-55.863149,47.598578],[-55.629547,47.677476],[-55.680043,47.678412],[-55.843088,47.62226],[-55.914418,47.659247],[-55.903554,47.699652],[-55.828765,47.738959],[-55.843088,47.75259],[-55.802113,47.801011],[-55.824818,47.82038],[-55.816558,47.839667],[-55.774159,47.869289],[-55.795644,47.877916],[-55.784779,47.895006],[-55.73941,47.923896],[-55.780385,47.958075],[-55.774037,47.932807],[-55.828765,47.896633],[-55.817047,47.888658],[-55.860015,47.791205],[-55.990224,47.751532],[-56.059316,47.69953],[-56.110829,47.704047],[-56.055328,47.779934],[-56.101064,47.759711],[-56.15095,47.841986],[-56.132436,47.755276],[-56.172027,47.718451],[-56.137278,47.697333],[-56.191884,47.677476],[-56.172027,47.67064],[-56.185658,47.656399],[-56.158355,47.642727],[-56.180776,47.630683],[-56.212392,47.655748],[-56.234975,47.631985],[-56.301747,47.629096],[-56.288075,47.697333],[-56.308095,47.719184],[-56.308583,47.75259],[-56.320709,47.708441],[-56.335846,47.704169],[-56.311025,47.6612],[-56.335846,47.616034],[-56.389801,47.606431],[-56.699574,47.62226],[-56.637563,47.58808],[-56.676137,47.577338],[-56.720815,47.594672],[-56.754262,47.636542],[-56.767893,47.62226],[-56.705881,47.567613],[-56.791493,47.530097],[-56.851226,47.531724],[-56.850453,47.553941],[-56.89391,47.547512],[-56.983876,47.586982],[-57.146596,47.572333],[-57.168853,47.584662],[-57.144643,47.609198],[-57.171986,47.636542],[-57.206899,47.594143],[-57.243967,47.601752],[-57.314565,47.583686],[-57.341949,47.608588],[-57.332916,47.642727],[-57.381174,47.629096],[-57.505279,47.632758],[-57.535715,47.636542],[-57.528879,47.650133],[-57.627838,47.601752],[-57.733998,47.656399],[-57.767812,47.616034],[-57.78954,47.636542],[-57.816233,47.629096],[-57.864003,47.656399],[-57.918609,47.650133],[-57.884511,47.697333],[-57.925933,47.695217],[-57.954823,47.672675],[-58.041982,47.698554],[-58.075103,47.674628],[-58.069447,47.697333],[-58.097768,47.695217],[-58.227162,47.656399],[-58.280141,47.675035],[-58.340728,47.642727],[-58.354726,47.649115],[-58.313385,47.72842],[-58.261301,47.75259],[-58.349721,47.739651],[-58.425771,47.636542],[-58.470693,47.652004],[-58.508372,47.642727],[-58.53189,47.665676],[-58.54308,47.663804],[-58.527211,47.651068],[-58.535959,47.645738],[-58.627553,47.612047],[-58.647939,47.62637],[-58.703236,47.601752],[-58.921742,47.601508],[-58.962758,47.581448],[-59.146352,47.560981],[-59.227651,47.574449],[-59.255605,47.604926],[-59.308461,47.622504],[-59.307729,47.699286],[-59.282867,47.759426],[-59.325063,47.774482],[-59.33137,47.81745],[-59.364858,47.838284],[-59.405832,47.896633],[-59.367543,47.931057],[-59.320383,47.934475],[-59.241689,48.01553],[-59.168324,48.058743],[-58.970123,48.141913],[-58.91039,48.199774],[-58.856801,48.216498],[-58.723459,48.305732],[-58.666575,48.383205],[-58.628733,48.393744],[-58.570424,48.440334],[-58.494618,48.458319],[-58.604482,48.403713],[-58.474192,48.437812],[-58.406077,48.49726],[-58.272206,48.520901],[-58.310292,48.534003],[-58.433217,48.499335],[-58.447377,48.513414],[-58.540435,48.51203],[-58.597727,48.547065],[-58.703236,48.554511],[-58.838002,48.52558],[-59.078236,48.51496],[-59.262441,48.472602],[-59.206899,48.555325],[-58.768951,48.780463],[-58.814565,48.737047],[-58.918691,48.678778],[-58.958852,48.616156],[-58.899648,48.586412],[-58.89269,48.5539],[-58.846995,48.596381],[-58.850942,48.636461],[-58.838735,48.588446],[-58.8131,48.571601],[-58.713735,48.568183],[-58.685374,48.601752],[-58.666575,48.725816],[-58.610748,48.810858],[-58.544545,48.871772],[-58.512034,48.931301],[-58.502105,49.006415],[-58.455474,49.041327],[-58.398427,49.136705],[-58.348785,49.144924],[-58.353383,49.116929],[-58.371165,49.109442],[-58.344472,49.109442],[-58.36734,49.083686],[-58.357493,49.061672],[-58.213368,49.074205],[-58.145172,49.047309],[-58.068593,48.979193],[-57.920725,48.962063],[-57.884511,48.972235],[-58.046213,48.996405],[-58.107411,49.037421],[-58.13622,49.094875],[-58.135406,49.126939],[-57.912465,49.12995],[-57.850413,49.184516],[-57.915028,49.15469],[-57.968373,49.155748],[-57.926096,49.191962],[-58.079986,49.146796],[-58.110463,49.170844],[-58.100657,49.182807],[-58.014882,49.17829],[-57.926096,49.246568],[-58.035756,49.217678],[-58.19343,49.243069],[-58.235178,49.284613],[-58.228668,49.370998],[-58.185902,49.442694],[-58.137034,49.484198],[-58.00121,49.561916],[-57.920277,49.531928],[-57.89745,49.439195],[-57.871449,49.430894],[-57.89623,49.473456],[-57.895863,49.492499],[-57.871449,49.506659],[-57.761586,49.465725],[-57.700307,49.462836],[-57.797597,49.509752],[-57.819163,49.530585],[-57.823069,49.561916],[-57.854563,49.527737],[-57.877675,49.532294],[-57.926096,49.58926],[-57.918609,49.603461],[-57.943959,49.614163],[-57.94811,49.679511],[-57.911936,49.752346],[-57.864003,49.787828],[-57.852528,49.833238],[-57.610178,50.165676],[-57.59435,50.224677],[-57.526601,50.330512],[-57.528879,50.367255],[-57.456858,50.483059],[-57.405344,50.52025],[-57.355295,50.606594],[-57.319081,50.617092],[-57.198394,50.59691],[-57.154775,50.625678],[-57.275624,50.623928],[-57.240224,50.637519],[-57.254628,50.65119],[-57.299631,50.649482],[-57.321889,50.687201],[-57.381093,50.691107],[-57.396962,50.708645],[-57.165517,50.753119],[-57.068959,50.802069],[-56.977203,50.881496],[-56.971547,50.912543],[-56.925526,50.918158],[-56.995513,50.949164],[-56.960317,50.966539],[-57.034779,50.98017],[-57.048451,51.008124],[-57.089426,51.021145],[-57.010854,51.021145],[-56.979888,50.987779],[-56.900706,51.018215],[-56.920481,51.043199],[-56.980133,51.055325],[-56.902699,51.060696],[-56.874989,51.077786],[-56.864125,51.113593],[-56.795237,51.137844],[-56.789703,51.161078],[-56.809478,51.19245],[-56.781565,51.206732],[-56.746816,51.199286],[-56.795237,51.240871],[-56.720204,51.319322],[-56.49352,51.412177],[-56.394521,51.425238],[-56.316029,51.467434],[-56.087799,51.535346],[-55.892812,51.627753],[-55.868072,51.612616],[-55.822581,51.623847],[-55.877105,51.571234],[-55.88093,51.552802],[-55.843088,51.555569],[-55.890248,51.500922],[-55.872874,51.495551],[-55.753733,51.500922],[-55.643056,51.472968],[-55.60969,51.480414],[-55.663442,51.491767],[-55.688059,51.538031],[-55.737864,51.554999],[-55.728627,51.576972],[-55.712148,51.584947],[-55.725738,51.555569],[-55.632151,51.610053],[-55.649078,51.593085],[-55.610341,51.566636],[-55.575551,51.569241],[-55.589223,51.576646],[-55.514068,51.603949],[-55.47997,51.593451],[-55.477447,51.578803],[-55.426991,51.586982],[-55.404205,51.562974],[-55.417063,51.550605],[-55.472524,51.562974],[-55.431549,51.538764],[-55.455719,51.500922],[-55.534576,51.508368],[-55.481923,51.475084],[-55.454335,51.47956],[-55.458119,51.463284],[-55.500478,51.377427],[-55.515696,51.368557],[-55.566274,51.389879],[-55.557851,51.350409],[-55.60969,51.350084],[-55.596059,51.309149],[-55.805165,51.352688],[-55.887278,51.344224],[-55.952301,51.370551],[-55.938629,51.350084],[-55.966868,51.346584],[-56.034901,51.384223],[-56.041086,51.357571],[-56.089508,51.370551],[-56.096303,51.322821],[-56.02123,51.309149],[-56.014394,51.275051],[-56.048492,51.267564],[-56.014394,51.247707],[-56.075795,51.233385],[-56.018422,51.218248],[-55.965688,51.159003],[-55.945465,51.158352],[-55.959137,51.199286],[-55.910959,51.202379],[-55.848459,51.231024],[-55.764475,51.217475],[-55.719106,51.184312],[-55.741322,51.153876],[-55.718739,51.132025],[-55.733144,51.083075],[-55.780385,51.055325],[-55.804677,51.069078],[-55.804351,51.04975],[-55.774159,51.035386],[-55.835601,50.972724],[-55.815785,50.931789],[-55.832834,50.926337],[-55.849273,50.953518],[-55.868764,50.933539],[-55.871002,50.905015],[-55.843088,50.905015],[-55.877187,50.863471],[-55.892201,50.896959],[-55.925038,50.884589],[-56.080637,50.720649],[-56.103749,50.726955],[-56.089508,50.761054],[-56.119049,50.753485],[-56.137278,50.774726],[-56.103749,50.905015],[-56.161366,50.878241],[-56.172027,50.856635],[-56.143544,50.841742],[-56.172027,50.777818],[-56.158355,50.761054],[-56.16218,50.720852],[-56.148346,50.695502],[-56.095611,50.679267],[-56.100087,50.668606],[-56.21935,50.583686],[-56.250234,50.527655],[-56.322255,50.527655],[-56.266428,50.506293],[-56.41161,50.376899],[-56.452545,50.397366],[-56.500356,50.391099],[-56.429514,50.362128],[-56.444163,50.304389],[-56.507802,50.240302],[-56.50414,50.218817],[-56.523427,50.196438],[-56.617665,50.130439],[-56.672271,50.130439],[-56.641103,50.109931],[-56.646311,50.099189],[-56.726918,50.041083],[-56.775746,49.950751],[-56.781565,49.918158],[-56.728139,49.958808],[-56.719472,49.948554],[-56.74059,49.877183],[-56.767893,49.863593],[-56.768422,49.830268],[-56.9051,49.75373],[-56.781565,49.729438],[-56.823476,49.593207],[-56.856679,49.548245],[-56.557769,49.848131],[-56.466868,49.89765],[-56.425282,49.845689],[-56.426625,49.902655],[-56.404775,49.918158],[-56.363189,49.89765],[-56.384389,49.946357],[-56.317047,50.039252],[-56.270416,50.059312],[-56.24059,50.106635],[-56.116811,50.158393],[-56.124257,50.137274],[-56.09557,50.133368],[-56.109975,50.123603],[-56.062164,50.082709],[-56.109975,50.034247],[-56.137278,49.973456],[-56.191884,49.924994],[-56.124135,49.955552],[-56.072418,50.010932],[-56.010081,50.031195],[-55.993031,50.01553],[-56.034901,49.979641],[-56.003407,49.971584],[-55.959137,50.041083],[-55.86384,50.016832],[-55.842356,49.98314],[-55.746409,49.931952],[-55.712636,49.934475],[-55.684804,49.959133],[-55.69225,49.96662],[-55.666656,49.97606],[-55.582387,49.973456],[-55.492991,50.01439],[-55.465077,49.962551],[-55.495229,49.919135],[-55.575836,49.901679],[-55.69225,49.849311],[-55.714955,49.822211],[-55.961659,49.741278],[-56.001943,49.752509],[-56.014394,49.739407],[-56.004872,49.726508],[-56.069,49.698432],[-56.062652,49.682929],[-56.158681,49.62344],[-56.165435,49.574652],[-56.097727,49.637641],[-55.968495,49.702826],[-55.890981,49.71011],[-55.959137,49.677965],[-55.897694,49.698432],[-55.835601,49.691636],[-55.877187,49.643866],[-55.938629,49.609687],[-55.877187,49.596015],[-55.900787,49.562405],[-55.937367,49.536322],[-56.076894,49.491889],[-56.130727,49.429145],[-56.059967,49.446194],[-55.952301,49.499823],[-55.822011,49.52204],[-55.774159,49.513495],[-55.787831,49.493598],[-55.719228,49.475653],[-55.767323,49.472561],[-55.787831,49.452053],[-55.678578,49.472561],[-55.698476,49.42475],[-55.671742,49.42475],[-55.678863,49.396389],[-55.65746,49.383734],[-55.582387,49.472357],[-55.520904,49.493598],[-55.56371,49.426011],[-55.569325,49.362698],[-55.532297,49.395982],[-55.520579,49.435981],[-55.492991,49.445217],[-55.486195,49.479967],[-55.473256,49.460639],[-55.445221,49.493598],[-55.370107,49.506659],[-55.376943,49.493598],[-55.349599,49.493598],[-55.431549,49.42475],[-55.341664,49.458197],[-55.314849,49.452053],[-55.445221,49.355862],[-55.39151,49.369574],[-55.373647,49.363105],[-55.383127,49.335354],[-55.332509,49.403144],[-55.314849,49.404242],[-55.329091,49.38996],[-55.3131,49.388658],[-55.288564,49.400784],[-55.296051,49.371975],[-55.342152,49.355862],[-55.314849,49.314887],[-55.301178,49.322333],[-55.307037,49.345649],[-55.236318,49.38996],[-55.26769,49.42475],[-55.26769,49.479967],[-55.314849,49.534613],[-55.260243,49.548245],[-55.198842,49.506659],[-55.212473,49.534613],[-55.15567,49.549302],[-55.136098,49.540758],[-55.15038,49.534613],[-55.124827,49.498969],[-55.128163,49.466376],[-55.171498,49.430894],[-55.172027,49.400784],[-55.188547,49.392035],[-55.198842,49.404242],[-55.225006,49.368069],[-55.22289,49.264553],[-55.294342,49.232896],[-55.365061,49.172268],[-55.364369,49.159491],[-55.322336,49.157172],[-55.342152,49.123033],[-55.320709,49.123725],[-55.313954,49.101793],[-55.383127,49.047309],[-55.258209,49.080715],[-55.184478,49.123033],[-55.277659,49.106024],[-55.282297,49.150336],[-55.253407,49.191962],[-55.288442,49.194566],[-55.054189,49.294379],[-55.082143,49.362698],[-55.027211,49.329413],[-55.013173,49.349026],[-54.992747,49.28384],[-55.047963,49.232896],[-55.034006,49.230211],[-54.947255,49.300523],[-54.92101,49.301825],[-54.900258,49.280097],[-54.880483,49.289008],[-54.863759,49.337958],[-54.888824,49.351752],[-54.883453,49.376288],[-54.857045,49.406724],[-54.83373,49.409613],[-54.834096,49.304836],[-54.816965,49.275621],[-54.782094,49.300482],[-54.773834,49.347235],[-54.753774,49.355862],[-54.759348,49.329535],[-54.742909,49.31977],[-54.719635,49.363105],[-54.677398,49.383734],[-54.636545,49.446967],[-54.544749,49.52912],[-54.469309,49.546088],[-54.443715,49.543524],[-54.496205,49.510077],[-54.534047,49.445217],[-54.482981,49.471096],[-54.43102,49.472561],[-54.455678,49.448432],[-54.444651,49.42475],[-54.485422,49.380316],[-54.4558,49.338609],[-54.483469,49.267646],[-54.46345,49.301011],[-54.39684,49.335354],[-54.416412,49.351304],[-54.372914,49.422309],[-54.301259,49.430894],[-54.304311,49.4147],[-54.259674,49.42475],[-54.248769,49.406236],[-54.21935,49.417304],[-54.23233,49.362698],[-54.197621,49.411078],[-54.176015,49.383775],[-54.139231,49.452826],[-54.076894,49.45539],[-54.044749,49.481757],[-53.985951,49.458889],[-54.040598,49.438381],[-53.92394,49.452053],[-53.873931,49.422187],[-53.679107,49.366848],[-53.656117,49.332221],[-53.594716,49.324449],[-53.547109,49.301825],[-53.547109,49.287543],[-53.492543,49.287543],[-53.453684,49.242174],[-53.491851,49.218736],[-53.492543,49.198188],[-53.540395,49.187812],[-53.533518,49.164008],[-53.565989,49.125963],[-53.605133,49.136705],[-53.622304,49.117174],[-53.581899,49.088324],[-53.589915,49.052069],[-53.838246,49.033677],[-53.810943,49.013861],[-53.72525,49.013861],[-53.809438,48.981269],[-53.882924,48.992743],[-53.896352,48.980536],[-53.887929,48.970893],[-53.810943,48.931301],[-53.978505,48.896552],[-53.882924,48.890326],[-53.958079,48.869086],[-53.978505,48.856187],[-53.964915,48.841946],[-53.978586,48.83633],[-54.13679,48.821438],[-54.184641,48.800971],[-54.18102,48.783922],[-54.197621,48.774237],[-54.162587,48.771226],[-54.020863,48.815375],[-53.990956,48.806138],[-54.013295,48.774237],[-53.990631,48.768378],[-53.962026,48.781684],[-53.978505,48.787909],[-53.943023,48.824286],[-53.895131,48.841742],[-53.844472,48.839057],[-53.800404,48.814602],[-53.85733,48.797919],[-53.917714,48.800971],[-53.88976,48.759955],[-53.841379,48.774237],[-53.877919,48.747952],[-54.020131,48.746324],[-53.94518,48.728664],[-53.933258,48.703518],[-53.951243,48.6706],[-53.895985,48.650092],[-53.931386,48.629625],[-53.893544,48.632025],[-53.793568,48.678046],[-53.916656,48.672756],[-53.920766,48.687974],[-53.835194,48.750393],[-53.85497,48.704739],[-53.750234,48.712144],[-53.745107,48.698554],[-53.704213,48.691107],[-53.728993,48.674302],[-53.726186,48.65998],[-53.631215,48.698798],[-53.606801,48.696275],[-53.604115,48.676703],[-53.659576,48.647121],[-53.784901,48.622952],[-53.828277,48.595445],[-53.903432,48.58869],[-53.958648,48.547065],[-53.903432,48.568183],[-53.711008,48.560736],[-53.793568,48.540229],[-53.766835,48.540229],[-53.748891,48.519761],[-53.895741,48.484442],[-54.009877,48.428941],[-54.092112,48.429877],[-54.164133,48.390692],[-54.13679,48.355292],[-54.067942,48.409898],[-53.978505,48.409898],[-53.855377,48.475246],[-53.814036,48.465155],[-53.876698,48.409898],[-53.881459,48.388373],[-53.856028,48.368394],[-53.835113,48.37641],[-53.852528,48.383612],[-53.84557,48.394965],[-53.779042,48.447455],[-53.769928,48.475735],[-53.65685,48.546576],[-53.622874,48.540229],[-53.663197,48.513577],[-53.615387,48.499335],[-53.72525,48.431586],[-53.632802,48.451483],[-53.581899,48.526597],[-53.588124,48.478827],[-53.547109,48.492418],[-53.615387,48.409898],[-53.540924,48.465155],[-53.521474,48.462226],[-53.498687,48.513577],[-53.475006,48.510972],[-53.457753,48.543647],[-53.464223,48.586819],[-53.437245,48.615912],[-53.342193,48.612738],[-53.301666,48.579413],[-53.317616,48.552314],[-53.280263,48.560736],[-53.268137,48.531236],[-53.24352,48.526353],[-53.231842,48.554511],[-53.162953,48.601711],[-53.152333,48.631171],[-53.098053,48.646674],[-53.076812,48.703559],[-52.9829,48.604193],[-53.005849,48.575019],[-52.984771,48.554511],[-53.02774,48.535834],[-53.058461,48.435858],[-53.143056,48.396877],[-53.187408,48.355292],[-53.239329,48.360175],[-53.269765,48.38227],[-53.354888,48.386664],[-53.386545,48.306057],[-53.369008,48.29385],[-53.445709,48.285712],[-53.468088,48.256537],[-53.540924,48.239814],[-53.639475,48.169338],[-53.776479,48.197089],[-53.845082,48.190823],[-53.876698,48.225531],[-53.925282,48.237006],[-53.939361,48.225531],[-53.941274,48.176703],[-53.905181,48.08511],[-53.68399,48.08039],[-53.663197,48.061103],[-53.787343,48.026313],[-53.92394,48.033759],[-53.908355,48.021064],[-53.77595,47.999416],[-53.608551,48.054267],[-53.621571,48.00495],[-53.697336,47.896633],[-53.787343,47.903469],[-53.72525,47.889797],[-53.741282,47.817857],[-53.791615,47.774604],[-53.867502,47.843451],[-53.917714,47.862454],[-53.928944,47.852444],[-53.877309,47.828111],[-53.828928,47.735745],[-53.85497,47.718451],[-53.763173,47.625678],[-53.737904,47.619696],[-53.705719,47.676093],[-53.684316,47.691148],[-53.666168,47.684027],[-53.711741,47.609931],[-53.703847,47.58869],[-53.680735,47.5987],[-53.66039,47.569973],[-53.652333,47.57685],[-53.670033,47.526679],[-53.622874,47.560777],[-53.605133,47.539374],[-53.553863,47.539252],[-53.550852,47.588202],[-53.533518,47.595526],[-53.560658,47.623847],[-53.51301,47.616034],[-53.519195,47.67064],[-53.480336,47.692572],[-53.498687,47.746405],[-53.467844,47.77147],[-53.420155,47.861151],[-53.394154,47.875556],[-53.355336,47.869289],[-53.36262,47.899807],[-53.276479,48.016425],[-53.184316,48.042548],[-53.1704,48.061103],[-53.098053,48.040595],[-53.061025,48.051907],[-52.923329,48.170966],[-52.836741,48.105455],[-52.914418,48.089586],[-52.979604,47.987128],[-53.053578,47.932563],[-53.070668,47.853705],[-53.161977,47.756415],[-53.207387,47.735907],[-53.162953,47.718451],[-53.18399,47.691148],[-53.166615,47.69717],[-53.156117,47.683743],[-53.194692,47.643378],[-53.262074,47.614203],[-53.252309,47.601752],[-53.204498,47.616034],[-53.252309,47.581244],[-53.1704,47.609198],[-53.259755,47.558539],[-53.228424,47.546536],[-53.18399,47.560777],[-53.18399,47.512397],[-53.204498,47.471381],[-53.162668,47.500556],[-53.149281,47.499416],[-53.149281,47.478217],[-53.195221,47.437079],[-53.121938,47.437242],[-53.129384,47.416815],[-53.078114,47.470038],[-52.876373,47.588284],[-52.848948,47.629625],[-52.798411,47.788153],[-52.772532,47.801011],[-52.752065,47.773098],[-52.704213,47.756008],[-52.697418,47.714748],[-52.717926,47.67064],[-52.657541,47.66059],[-52.656646,47.603176],[-52.690582,47.553941],[-52.67691,47.560777]]],[[[-55.352691,51.884508],[-55.427398,51.891343],[-55.383127,51.959621],[-55.270131,52.005601],[-55.286041,51.95954],[-55.352691,51.884508]]],[[[-57.871449,54.817857],[-57.870473,54.834052],[-57.843577,54.824693],[-57.857249,54.803371],[-57.956125,54.792141],[-58.022288,54.756415],[-58.157094,54.763861],[-58.227366,54.871405],[-58.210357,54.87934],[-58.175893,54.858873],[-57.945302,54.926581],[-57.93871,54.893988],[-57.973866,54.87934],[-57.994374,54.838324],[-57.987538,54.803656],[-57.939198,54.827541],[-57.901845,54.809068],[-57.871449,54.817857]]],[[[-60.742177,55.948188],[-60.752838,55.918443],[-60.687571,55.92829],[-60.744944,55.886908],[-60.865142,55.865871],[-60.89981,55.876776],[-60.81786,55.886705],[-60.879303,55.920844],[-60.874013,55.947821],[-60.85204,55.961859],[-60.742177,55.948188]]],[[[-61.009674,56.043769],[-60.940663,56.018948],[-61.002756,56.009914],[-61.174143,56.032416],[-61.21703,56.057929],[-61.23233,56.099799],[-61.208323,56.106431],[-61.215728,56.09219],[-61.200673,56.083075],[-61.14684,56.09219],[-61.161448,56.104926],[-61.18102,56.09219],[-61.188385,56.107856],[-61.133778,56.119452],[-61.133127,56.149156],[-61.103831,56.156928],[-61.098459,56.174709],[-61.043813,56.161078],[-61.065053,56.144965],[-61.053578,56.1258],[-60.940785,56.09219],[-61.009674,56.043769]]],[[[-61.413726,56.373358],[-61.462148,56.345404],[-61.413726,56.325588],[-61.596995,56.333238],[-61.70873,56.363267],[-61.797353,56.421129],[-61.577016,56.392971],[-61.462148,56.408108],[-61.413726,56.373358]]],[[[-61.228831,56.455268],[-61.14684,56.442206],[-61.488881,56.46955],[-61.475209,56.455268],[-61.49942,56.441962],[-61.541575,56.469428],[-61.633453,56.46955],[-61.619781,56.483222],[-61.639638,56.496894],[-61.428049,56.483222],[-61.454091,56.498847],[-61.633453,56.510484],[-61.622141,56.523871],[-61.571401,56.524156],[-61.60554,56.558295],[-61.46231,56.550035],[-61.330149,56.515326],[-61.31135,56.496894],[-61.366567,56.475735],[-61.226633,56.486762],[-61.167348,56.475735],[-61.228831,56.455268]]],[[[-61.215728,56.585639],[-61.234975,56.626532],[-61.186431,56.662055],[-61.133778,56.661322],[-61.164906,56.69184],[-61.082021,56.677924],[-61.085439,56.661322],[-61.071156,56.661322],[-61.105865,56.626532],[-61.057485,56.633979],[-61.215728,56.585639]]],[[[-61.62975,56.84634],[-61.60554,56.887274],[-61.527008,56.91413],[-61.519887,56.948717],[-61.478831,56.957668],[-61.411855,56.929145],[-61.338694,56.935045],[-61.40689,56.879828],[-61.352284,56.859931],[-61.370758,56.847073],[-61.432729,56.822252],[-61.455312,56.825832],[-61.454579,56.844062],[-61.48233,56.843492],[-61.51061,56.802191],[-61.584706,56.771674],[-61.564687,56.753974],[-61.485748,56.791083],[-61.384389,56.772162],[-61.372792,56.692084],[-61.40689,56.667548],[-61.382476,56.644965],[-61.388417,56.623236],[-61.453521,56.626044],[-61.625722,56.735907],[-61.647125,56.736477],[-61.624135,56.79682],[-61.62975,56.84634]]],[[[-61.612945,57.415473],[-61.682769,57.399563],[-61.848948,57.415107],[-61.890736,57.427558],[-61.90038,57.448961],[-61.798207,57.483832],[-61.742096,57.534857],[-61.679351,57.537543],[-61.633453,57.511054],[-61.694936,57.497463],[-61.647125,57.4831],[-61.680653,57.462633],[-61.790842,57.459418],[-61.825266,57.435289],[-61.797597,57.428778],[-61.750315,57.444973],[-61.612945,57.415473]]],[[[-61.894154,57.592963],[-61.792714,57.556627],[-61.779897,57.536119],[-61.793935,57.50731],[-61.929067,57.456122],[-62.017079,57.51789],[-62.0183,57.547309],[-61.967112,57.589423],[-61.93517,57.592963],[-61.955149,57.559027],[-61.941314,57.552069],[-61.894154,57.592963]]],[[[-61.90038,57.764309],[-61.800404,57.844916],[-61.726715,57.824042],[-61.694936,57.833197],[-61.722808,57.784817],[-61.654124,57.789984],[-61.6881,57.750637],[-61.667592,57.750637],[-61.677968,57.727932],[-61.745188,57.713039],[-61.822174,57.757636],[-61.830312,57.783026],[-61.877512,57.755764],[-61.90038,57.764309]]],[[[-61.891713,57.815009],[-61.959828,57.789537],[-62.054311,57.833197],[-62.092152,57.815863],[-62.105784,57.838568],[-62.011301,57.909247],[-61.931386,57.915107],[-61.921051,57.90941],[-61.941314,57.874172],[-61.886708,57.874172],[-61.871734,57.848456],[-61.891713,57.815009]]],[[[-64.078969,59.799547],[-63.96288,59.751776],[-64.000803,59.723822],[-64.124094,59.699897],[-64.169057,59.71015],[-64.141672,59.723822],[-64.203114,59.74494],[-64.182607,59.772203],[-64.127431,59.758612],[-64.155344,59.786526],[-64.13036,59.842027],[-64.101918,59.862982],[-64.045481,59.854193],[-64.059722,59.841132],[-64.03185,59.805732],[-64.078969,59.799547]]],[[[-64.432364,60.372746],[-64.477447,60.33393],[-64.426666,60.2862],[-64.519245,60.319326],[-64.490218,60.361225],[-64.432364,60.372746]]],[[[-54.830051,47.267133],[-54.778136,47.273564],[-54.812399,47.231781],[-54.830051,47.267133]]],[[[-54.216702,47.381274],[-54.178042,47.418193],[-54.144589,47.400445],[-54.153354,47.368356],[-54.209626,47.359903],[-54.216702,47.381274]]],[[[-52.956475,47.654806],[-52.91876,47.652643],[-52.916443,47.634456],[-52.976502,47.596866],[-53.030336,47.599156],[-52.956475,47.654806]]],[[[-55.886002,50.197461],[-55.842344,50.215165],[-55.823887,50.204144],[-55.845072,50.190645],[-55.886002,50.197461]]],[[[-55.802679,50.220174],[-55.729933,50.23017],[-55.695802,50.193721],[-55.802679,50.220174]]],[[[-57.250265,50.840641],[-57.209375,50.841056],[-57.186562,50.823001],[-57.252466,50.796739],[-57.239651,50.805979],[-57.277056,50.817363],[-57.250265,50.840641]]],[[[-55.89536,52.763314],[-55.811855,52.770133],[-55.809475,52.731086],[-55.861303,52.730368],[-55.89536,52.763314]]],[[[-55.850409,53.00353],[-55.786821,53.0165],[-55.775407,53.009602],[-55.786904,52.995068],[-55.767872,52.988162],[-55.802337,52.944583],[-55.850409,53.00353]]],[[[-55.847678,53.080812],[-55.771256,53.089232],[-55.751012,53.059351],[-55.768882,53.048643],[-55.758767,53.034088],[-55.870688,53.026485],[-55.874439,53.057083],[-55.847678,53.080812]]],[[[-55.97595,53.484525],[-55.88987,53.49849],[-55.880138,53.484333],[-55.767163,53.475739],[-55.742891,53.445437],[-55.802571,53.455378],[-55.813391,53.432992],[-55.769478,53.402635],[-55.816842,53.410583],[-55.785908,53.393915],[-55.9835,53.441652],[-55.98993,53.470413],[-55.97595,53.484525]]],[[[-57.172139,53.659625],[-57.129781,53.704632],[-57.030801,53.712985],[-57.113763,53.642994],[-57.172139,53.659625]]],[[[-56.922484,53.797559],[-56.836105,53.80648],[-56.817715,53.790041],[-56.947335,53.752078],[-56.984285,53.759384],[-57.008855,53.788548],[-56.999548,53.810391],[-56.922484,53.797559]]],[[[-57.327952,54.287564],[-57.292498,54.283742],[-57.321212,54.269471],[-57.298974,54.248811],[-57.314419,54.239731],[-57.367639,54.259035],[-57.327952,54.287564]]],[[[-57.286728,54.482832],[-57.228932,54.491941],[-57.197644,54.449325],[-57.293337,54.468605],[-57.286728,54.482832]]],[[[-57.347349,54.555123],[-57.275078,54.57965],[-57.283392,54.556208],[-57.254727,54.537708],[-57.268041,54.50352],[-57.362203,54.507263],[-57.347349,54.555123]]]]}},{"type":"Feature","properties":{"name":"Nova Scotia"},"geometry":{"type":"MultiPolygon","coordinates":[[[[-64.051304,45.976832],[-64.007721,46.005032],[-63.904856,45.980333],[-63.870269,45.96247],[-63.866689,45.936428],[-63.824859,45.925198],[-63.805898,45.888658],[-63.715891,45.86815],[-63.757476,45.847032],[-63.690297,45.853095],[-63.668691,45.847032],[-63.669749,45.823391],[-63.652252,45.836819],[-63.659088,45.873847],[-63.628774,45.862291],[-63.491933,45.882636],[-63.439117,45.875596],[-63.408599,45.854478],[-63.483144,45.860704],[-63.428538,45.826565],[-63.504262,45.826565],[-63.522817,45.819444],[-63.51594,45.810899],[-63.229848,45.806057],[-63.301666,45.775539],[-63.380727,45.771959],[-63.287953,45.724189],[-63.257192,45.758897],[-63.257192,45.737169],[-63.188873,45.778795],[-63.1822,45.766262],[-63.202545,45.737169],[-63.117299,45.763007],[-63.065419,45.758897],[-63.084055,45.790269],[-63.120676,45.806057],[-63.100657,45.811347],[-62.777415,45.765123],[-62.674957,45.771959],[-62.756947,45.758897],[-62.633412,45.717353],[-62.770579,45.674425],[-62.791656,45.642239],[-62.748769,45.664049],[-62.73644,45.65526],[-62.749745,45.61286],[-62.706614,45.655585],[-62.656809,45.627753],[-62.647043,45.642239],[-62.672353,45.656236],[-62.664703,45.679796],[-62.612904,45.69066],[-62.526357,45.658271],[-62.475738,45.662706],[-62.509145,45.614976],[-62.470448,45.614488],[-62.361684,45.673326],[-62.383372,45.68008],[-62.44164,45.65526],[-62.416127,45.679104],[-62.270334,45.703721],[-62.060048,45.807969],[-61.98884,45.863023],[-61.911488,45.888983],[-61.897369,45.871649],[-61.921457,45.850735],[-61.919993,45.829942],[-61.887847,45.737698],[-61.894154,45.703721],[-61.876291,45.692694],[-61.707834,45.623277],[-61.642161,45.641506],[-61.626047,45.635403],[-61.648061,45.626817],[-61.619781,45.614325],[-61.558013,45.683661],[-61.492543,45.69066],[-61.399973,45.632636],[-61.338694,45.552843],[-61.237213,45.505764],[-61.248525,45.453111],[-61.352895,45.413398],[-61.388092,45.418036],[-61.482655,45.374742],[-61.461537,45.354844],[-61.136871,45.354234],[-60.998647,45.333157],[-60.971181,45.31387],[-60.968658,45.271633],[-61.036977,45.299628],[-61.016469,45.271633],[-61.024078,45.263007],[-61.062978,45.23253],[-61.078521,45.237535],[-61.071156,45.223944],[-61.11974,45.213446],[-61.153066,45.237535],[-61.119537,45.271633],[-61.164703,45.263658],[-61.179799,45.242499],[-61.174794,45.202786],[-61.212066,45.252997],[-61.263051,45.239163],[-61.278554,45.254014],[-61.350575,45.217353],[-61.364613,45.189602],[-61.338694,45.189765],[-61.38915,45.16356],[-61.56786,45.147121],[-61.610585,45.150621],[-61.639638,45.175442],[-61.647288,45.156846],[-61.687123,45.17536],[-61.702382,45.169257],[-61.639638,45.120836],[-61.674428,45.114651],[-61.639638,45.087307],[-61.694936,45.091417],[-61.704335,45.107042],[-61.756418,45.100979],[-61.756418,45.079901],[-61.825266,45.099026],[-61.811635,45.079901],[-61.859364,45.079901],[-61.838938,45.046373],[-61.880483,45.053209],[-61.896881,45.030666],[-61.93517,45.053209],[-61.941314,45.024644],[-61.975738,45.036038],[-62.004018,45.010972],[-62.010243,45.032131],[-62.050608,45.010972],[-61.976064,44.991116],[-61.98884,44.984931],[-62.031321,44.991116],[-62.073394,44.972968],[-62.233754,44.959296],[-62.270334,44.929063],[-62.339182,44.922268],[-62.339182,44.894924],[-62.393422,44.910264],[-62.414906,44.894924],[-62.400624,44.881252],[-62.437164,44.868516],[-62.448394,44.833482],[-62.467152,44.841376],[-62.475738,44.901109],[-62.507151,44.863389],[-62.551503,44.86758],[-62.565745,44.840237],[-62.530995,44.80622],[-62.552724,44.800116],[-62.577789,44.833401],[-62.60676,44.837144],[-62.661366,44.80622],[-62.65392,44.792548],[-62.687245,44.80211],[-62.805328,44.785061],[-62.802602,44.761094],[-62.825836,44.751573],[-62.797922,44.729804],[-62.830434,44.71776],[-62.86384,44.73786],[-62.873606,44.723619],[-62.930247,44.740058],[-62.989491,44.711005],[-63.003977,44.771389],[-63.047027,44.766221],[-63.058583,44.778225],[-63.014027,44.710598],[-63.058583,44.675198],[-63.063059,44.718004],[-63.095611,44.729153],[-63.102651,44.784003],[-63.119374,44.790676],[-63.140492,44.68887],[-63.160471,44.705675],[-63.154775,44.729804],[-63.183176,44.691636],[-63.213938,44.68122],[-63.236684,44.737291],[-63.253245,44.711493],[-63.236684,44.68887],[-63.285146,44.627427],[-63.389068,44.643134],[-63.415435,44.655341],[-63.387563,44.668362],[-63.4169,44.682929],[-63.4558,44.668362],[-63.415435,44.633612],[-63.438954,44.59634],[-63.510162,44.624091],[-63.632639,44.712958],[-63.661855,44.716783],[-63.640126,44.676174],[-63.587554,44.664171],[-63.563547,44.634833],[-63.546498,44.550116],[-63.523264,44.518134],[-63.548573,44.473212],[-63.579335,44.463528],[-63.579335,44.484036],[-63.596181,44.487372],[-63.632802,44.440741],[-63.643707,44.449612],[-63.627756,44.469794],[-63.658111,44.475206],[-63.715891,44.456122],[-63.758372,44.48135],[-63.764882,44.504503],[-63.793365,44.468411],[-63.809438,44.490139],[-63.784779,44.531846],[-63.812123,44.511339],[-63.833974,44.524482],[-63.846832,44.518704],[-63.840077,44.504503],[-63.874013,44.498603],[-63.929433,44.511339],[-63.941721,44.554307],[-63.921986,44.593329],[-63.943023,44.62051],[-63.918609,44.634141],[-63.929433,44.647854],[-63.888417,44.696357],[-64.065989,44.634263],[-64.06192,44.586656],[-64.036692,44.570909],[-64.011342,44.511339],[-64.041249,44.52261],[-64.075836,44.47663],[-64.117502,44.487454],[-64.118764,44.537502],[-64.16218,44.579657],[-64.211497,44.571357],[-64.227366,44.537014],[-64.305531,44.565985],[-64.292551,44.545478],[-64.303863,44.542629],[-64.30134,44.50259],[-64.326039,44.47663],[-64.298736,44.469794],[-64.353912,44.456122],[-64.339711,44.415147],[-64.275299,44.415432],[-64.257721,44.408922],[-64.312367,44.381008],[-64.210561,44.367336],[-64.347157,44.367336],[-64.339711,44.332587],[-64.305043,44.32038],[-64.292551,44.326321],[-64.312367,44.339993],[-64.264556,44.332587],[-64.288808,44.29914],[-64.237294,44.29914],[-64.269032,44.267076],[-64.312367,44.264309],[-64.347157,44.292222],[-64.333485,44.29914],[-64.429067,44.339993],[-64.359039,44.29564],[-64.360178,44.271796],[-64.425649,44.233873],[-64.439605,44.199123],[-64.477447,44.182359],[-64.497914,44.140774],[-64.549184,44.161933],[-64.559397,44.148261],[-64.606191,44.158596],[-64.600413,44.148261],[-64.620839,44.140774],[-64.545766,44.117255],[-64.576487,44.069241],[-64.594146,44.079413],[-64.649159,44.058946],[-64.71703,44.058824],[-64.669423,44.035468],[-64.666982,43.99787],[-64.744537,43.957831],[-64.815663,43.954088],[-64.82844,43.930976],[-64.847401,43.929104],[-64.785959,43.874498],[-64.813954,43.874091],[-64.812611,43.852851],[-64.838979,43.829657],[-64.874094,43.867051],[-64.915028,43.880723],[-64.8815,43.811835],[-64.906606,43.804999],[-64.966786,43.873643],[-64.932485,43.80626],[-64.958241,43.765774],[-64.983957,43.75788],[-65.039174,43.832343],[-65.015981,43.758409],[-65.024973,43.716213],[-65.076975,43.710761],[-65.073069,43.744981],[-65.086985,43.75788],[-65.12857,43.674669],[-65.151235,43.689114],[-65.141591,43.751044],[-65.178456,43.710069],[-65.237864,43.805569],[-65.237864,43.784491],[-65.254709,43.775702],[-65.224599,43.718817],[-65.250356,43.673407],[-65.327219,43.696397],[-65.313547,43.743557],[-65.322987,43.765448],[-65.351471,43.736802],[-65.367543,43.743557],[-65.334299,43.670315],[-65.340647,43.617255],[-65.358062,43.603583],[-65.34081,43.544908],[-65.371246,43.579088],[-65.401682,43.565416],[-65.456899,43.599514],[-65.401682,43.503974],[-65.416168,43.500067],[-65.428944,43.544908],[-65.450103,43.560452],[-65.455434,43.534735],[-65.484242,43.524482],[-65.474843,43.470933],[-65.546783,43.532294],[-65.545644,43.555976],[-65.565989,43.574042],[-65.669179,43.497138],[-65.729563,43.513495],[-65.739573,43.576728],[-65.752349,43.586534],[-65.754384,43.551663],[-65.778147,43.568183],[-65.779042,43.688951],[-65.806996,43.654771],[-65.792348,43.633938],[-65.79955,43.60635],[-65.814809,43.631578],[-65.819976,43.709377],[-65.861643,43.805569],[-65.861643,43.77086],[-65.877187,43.769599],[-65.909413,43.819241],[-65.937164,43.825995],[-65.929921,43.805569],[-65.971344,43.780097],[-65.996653,43.854071],[-66.003651,43.809719],[-65.963368,43.737291],[-65.979604,43.705959],[-65.991322,43.703192],[-65.991607,43.731106],[-66.006418,43.699856],[-66.023793,43.698065],[-66.042144,43.746405],[-66.060211,43.716213],[-66.079416,43.772366],[-66.121693,43.743557],[-66.133656,43.809719],[-66.111155,43.84752],[-66.128489,43.849514],[-66.149566,43.825507],[-66.149241,43.852444],[-66.170074,43.860256],[-66.149566,43.932237],[-66.162913,43.975653],[-66.150258,44.010403],[-66.18342,44.084052],[-66.210439,44.085557],[-66.190582,44.165351],[-66.142161,44.23078],[-66.09496,44.374172],[-65.965972,44.489244],[-65.86677,44.543362],[-65.840484,44.573391],[-65.84911,44.586819],[-65.942535,44.583401],[-66.196767,44.390937],[-66.180328,44.434434],[-65.998769,44.579657],[-65.785878,44.696357],[-65.756337,44.657294],[-65.757069,44.610907],[-65.692291,44.620714],[-65.536733,44.73664],[-65.428944,44.778225],[-65.74177,44.667833],[-65.758534,44.682685],[-65.723459,44.727444],[-65.397613,44.894884],[-65.231679,44.955186],[-65.180531,44.993232],[-64.863189,45.139553],[-64.714019,45.192369],[-64.51065,45.228583],[-64.415395,45.271633],[-64.395334,45.301622],[-64.417551,45.319648],[-64.497914,45.333808],[-64.477773,45.341132],[-64.329742,45.309556],[-64.320465,45.282945],[-64.351552,45.248114],[-64.367543,45.196601],[-64.357004,45.170762],[-64.388051,45.14879],[-64.367543,45.107815],[-64.34553,45.105862],[-64.326039,45.141995],[-64.305531,45.14879],[-64.223459,45.108385],[-64.151601,45.049791],[-64.155344,44.98371],[-64.135854,45.003241],[-64.106923,44.997952],[-64.119049,45.029893],[-64.100697,45.059394],[-64.183827,45.114325],[-64.19933,45.148668],[-64.165883,45.15941],[-64.165598,45.186021],[-64.115061,45.216051],[-63.905832,45.275784],[-63.825307,45.279608],[-63.801422,45.311021],[-63.736928,45.299628],[-63.715891,45.326321],[-63.524078,45.333808],[-63.469472,45.292141],[-63.460927,45.325019],[-63.433095,45.344875],[-63.360219,45.36107],[-63.593007,45.395168],[-63.815785,45.395168],[-63.890859,45.352891],[-63.936635,45.398505],[-64.013783,45.390448],[-64.105336,45.415147],[-64.275868,45.392076],[-64.312367,45.402004],[-64.314524,45.381944],[-64.347157,45.388983],[-64.388051,45.367296],[-64.458811,45.39997],[-64.576161,45.415635],[-64.672515,45.389024],[-64.707021,45.360582],[-64.696604,45.326321],[-64.758656,45.299628],[-64.768219,45.329983],[-64.822743,45.347968],[-64.89745,45.346503],[-64.929311,45.326321],[-64.9287,45.383043],[-64.902008,45.429999],[-64.799631,45.470852],[-64.833119,45.483995],[-64.648793,45.559068],[-64.645375,45.58633],[-64.457021,45.683173],[-64.429067,45.709866],[-64.439076,45.738511],[-64.398101,45.756252],[-64.380605,45.792385],[-64.305531,45.826565],[-64.294423,45.80504],[-64.33137,45.777167],[-64.333485,45.744615],[-64.264556,45.765123],[-64.305531,45.778795],[-64.274526,45.804511],[-64.273423,45.83567],[-64.244652,45.881308],[-64.159541,45.963758],[-64.051304,45.976832]]],[[[-65.607777,43.483466],[-65.617055,43.50788],[-65.559926,43.51081],[-65.610585,43.428168],[-65.628814,43.422065],[-65.626943,43.445136],[-65.656117,43.463039],[-65.607777,43.483466]]],[[[-59.793511,43.964571],[-59.707184,44.014416],[-59.808162,43.940226],[-59.90778,43.916175],[-60.018758,43.913771],[-60.116954,43.942939],[-60.130161,43.960473],[-59.997814,43.937868],[-59.87155,43.942078],[-59.793511,43.964571]]],[[[-66.231557,44.387193],[-66.20344,44.392239],[-66.313466,44.250678],[-66.327748,44.258124],[-66.231557,44.387193]]],[[[-60.914133,45.566555],[-60.899281,45.578681],[-60.879303,45.566555],[-60.952626,45.531643],[-60.961822,45.517279],[-60.947621,45.498236],[-61.003529,45.460761],[-61.023915,45.470893],[-61.002105,45.494452],[-61.064931,45.504462],[-61.105092,45.527086],[-61.111724,45.548774],[-61.009674,45.580797],[-60.914133,45.566555]]],[[[-60.080881,45.792426],[-60.177724,45.766547],[-60.234975,45.706855],[-60.322865,45.683661],[-60.395375,45.642524],[-60.462636,45.635728],[-60.47525,45.649115],[-60.671783,45.573676],[-60.735951,45.566555],[-60.752431,45.593899],[-60.84435,45.60456],[-60.871083,45.645657],[-60.907297,45.614325],[-60.936025,45.627997],[-60.96996,45.6081],[-61.023915,45.614325],[-61.009674,45.6081],[-61.016225,45.595282],[-61.156728,45.556586],[-61.174794,45.559068],[-61.155019,45.578559],[-61.205637,45.592719],[-61.208323,45.6081],[-61.224965,45.581936],[-61.277211,45.566555],[-61.270172,45.548326],[-61.284576,45.547675],[-61.334869,45.56623],[-61.362864,45.611233],[-61.442047,45.681789],[-61.475413,45.811347],[-61.497304,45.83515],[-61.488881,45.888658],[-61.522613,45.932807],[-61.52359,45.991685],[-61.551503,46.021796],[-61.475209,46.073635],[-61.458974,46.145331],[-61.280629,46.245551],[-61.177887,46.385565],[-61.086171,46.466498],[-61.075266,46.513251],[-61.030385,46.56802],[-61.057485,46.601264],[-61.04308,46.625312],[-61.016469,46.642157],[-61.023793,46.593207],[-60.899241,46.768785],[-60.869211,46.800035],[-60.769602,46.843736],[-60.701324,46.90469],[-60.642079,47.00373],[-60.593617,47.034817],[-60.485829,46.999091],[-60.396108,47.026353],[-60.383372,47.016791],[-60.398427,46.995551],[-60.495758,46.895453],[-60.452219,46.892524],[-60.442047,46.884426],[-60.454742,46.868109],[-60.338735,46.875556],[-60.31078,46.854438],[-60.30899,46.803371],[-60.344879,46.693996],[-60.399526,46.670111],[-60.357981,46.655829],[-60.385894,46.642157],[-60.350494,46.615871],[-60.351796,46.601264],[-60.421051,46.524807],[-60.461578,46.423082],[-60.605784,46.21133],[-60.598744,46.19717],[-60.552358,46.262274],[-60.47525,46.320014],[-60.418853,46.329779],[-60.42691,46.284003],[-60.632232,46.117987],[-60.700836,46.088039],[-60.725413,46.104682],[-60.816396,46.061916],[-60.873158,46.053168],[-60.874135,46.068345],[-60.85204,46.073635],[-60.874135,46.079169],[-60.993235,45.982123],[-61.118642,45.949408],[-61.126373,45.929633],[-61.009918,45.941392],[-60.968658,45.984931],[-60.90274,46.010199],[-60.883941,46.034654],[-60.81786,46.038804],[-60.747467,46.06623],[-60.735951,46.056586],[-60.797434,45.991685],[-60.815053,45.936957],[-60.886545,45.908352],[-60.961659,45.915188],[-60.989247,45.898871],[-61.071156,45.895494],[-61.043813,45.888658],[-61.098459,45.854478],[-60.982655,45.876899],[-60.989247,45.888658],[-60.914133,45.854478],[-60.964955,45.860745],[-60.93456,45.826606],[-61.013092,45.823188],[-61.102854,45.778876],[-61.133778,45.744615],[-61.11205,45.751532],[-61.112782,45.727607],[-61.147613,45.707913],[-61.082021,45.69066],[-60.912831,45.756171],[-60.807362,45.720771],[-60.799224,45.703315],[-60.850168,45.65119],[-60.838368,45.642279],[-60.81786,45.668931],[-60.784047,45.668931],[-60.765736,45.692939],[-60.732493,45.684394],[-60.742177,45.703762],[-60.730051,45.713935],[-60.749013,45.744615],[-60.737213,45.773749],[-60.653432,45.81977],[-60.520985,45.924262],[-60.44518,45.953925],[-60.399526,45.997952],[-60.699127,45.890937],[-60.722279,45.895494],[-60.749013,45.929633],[-60.786733,45.93008],[-60.781646,45.954291],[-60.489573,46.101549],[-60.374908,46.197008],[-60.301015,46.218695],[-60.297109,46.238105],[-60.400706,46.218166],[-60.607045,46.076483],[-60.652699,46.072211],[-60.650461,46.090725],[-60.60143,46.115912],[-60.475413,46.233466],[-60.350982,46.312079],[-60.283518,46.327541],[-60.259592,46.27912],[-60.204661,46.241848],[-60.290273,46.156195],[-60.243723,46.176337],[-60.204986,46.142279],[-60.193227,46.211737],[-60.136098,46.251776],[-60.037099,46.223822],[-60.091054,46.210842],[-59.944163,46.196234],[-59.947662,46.162421],[-59.933827,46.158515],[-59.882192,46.176663],[-59.810536,46.169867],[-59.863352,46.13642],[-59.88561,46.080471],[-59.851064,46.104438],[-59.810536,46.107815],[-59.90925,46.041978],[-59.957916,46.027493],[-59.920725,45.994574],[-59.832102,46.003119],[-59.805287,45.935533],[-59.96817,45.909735],[-59.988637,45.888658],[-59.975657,45.875067],[-60.127349,45.869452],[-60.153147,45.847073],[-60.075429,45.815497],[-60.080881,45.792426]]],[[[-62.603144,45.804211],[-62.506908,45.828065],[-62.555844,45.799247],[-62.603144,45.804211]]],[[[-59.708079,45.994696],[-59.725901,46.000434],[-59.780995,46.004381],[-59.69518,46.034003],[-59.708079,45.994696]]]]}},{"type":"Feature","properties":{"name":"Prince Edward Island"},"geometry":{"type":"Polygon","coordinates":[[[-62.004018,46.464057],[-61.977406,46.448188],[-62.165639,46.358385],[-62.22761,46.345893],[-62.283925,46.382148],[-62.273752,46.344916],[-62.35969,46.361029],[-62.331776,46.313218],[-62.400624,46.313218],[-62.365712,46.27143],[-62.496897,46.272284],[-62.423736,46.245063],[-62.421132,46.223822],[-62.437327,46.216254],[-62.513905,46.217678],[-62.576405,46.239],[-62.585601,46.227525],[-62.496897,46.183498],[-62.599233,46.210842],[-62.571929,46.190334],[-62.60676,46.183498],[-62.530995,46.169867],[-62.541575,46.128241],[-62.475738,46.121405],[-62.517323,46.149359],[-62.48644,46.152655],[-62.453236,46.107611],[-62.472646,46.063422],[-62.527496,46.057318],[-62.571929,46.03266],[-62.510487,46.018378],[-62.455922,46.025214],[-62.485585,45.989895],[-62.545237,45.971829],[-62.728993,45.970608],[-62.750722,45.950751],[-62.894114,46.005357],[-62.873606,46.018378],[-62.919301,46.032416],[-62.934641,46.052965],[-62.887278,46.053168],[-62.909047,46.071926],[-63.030629,46.066799],[-62.917551,46.101264],[-62.866119,46.135688],[-62.878245,46.155585],[-62.947865,46.127997],[-62.951975,46.166409],[-62.928212,46.176663],[-62.947174,46.193427],[-62.975982,46.204576],[-62.989654,46.19717],[-62.975982,46.183498],[-62.997385,46.179267],[-63.116811,46.215766],[-63.065419,46.266059],[-63.044911,46.266059],[-63.038075,46.286566],[-62.963002,46.320014],[-63.043609,46.301581],[-63.134348,46.238105],[-63.195709,46.272284],[-63.174713,46.227729],[-63.270863,46.19717],[-63.189117,46.195299],[-63.175282,46.217678],[-63.141916,46.198432],[-63.147328,46.183498],[-63.233388,46.145453],[-63.412017,46.183498],[-63.49059,46.223822],[-63.534983,46.210842],[-63.602122,46.216864],[-63.675649,46.24258],[-63.713043,46.289781],[-63.800038,46.331855],[-63.801178,46.348782],[-63.784779,46.341132],[-63.805898,46.374701],[-63.715891,46.354193],[-63.764882,46.382148],[-63.736928,46.39643],[-63.888417,46.402574],[-63.934478,46.423041],[-63.987172,46.399604],[-64.134267,46.415595],[-64.133453,46.442613],[-64.114369,46.443549],[-64.108022,46.544379],[-64.06192,46.569973],[-64.078969,46.597805],[-64.072743,46.642157],[-64.144765,46.597805],[-64.230458,46.635321],[-64.383046,46.627834],[-64.416819,46.682766],[-64.369456,46.758775],[-64.272328,46.825019],[-64.231313,46.903306],[-63.99706,47.067328],[-63.983388,47.040025],[-63.997792,46.971015],[-63.974843,46.893988],[-64.037994,46.82095],[-64.059722,46.806627],[-64.078969,46.813463],[-64.093251,46.779975],[-64.05606,46.748847],[-63.969797,46.745185],[-63.983388,46.717271],[-63.881418,46.64289],[-63.885813,46.617825],[-63.91511,46.629136],[-63.906646,46.607978],[-63.871205,46.603176],[-63.854848,46.63288],[-63.833648,46.612372],[-63.846832,46.601264],[-63.83316,46.580756],[-63.880971,46.522406],[-63.942047,46.500312],[-63.935618,46.478339],[-63.825754,46.519273],[-63.812978,46.500678],[-63.832997,46.48192],[-63.822621,46.460639],[-63.708892,46.444159],[-63.696645,46.457221],[-63.734242,46.510688],[-63.70226,46.525458],[-63.730133,46.532945],[-63.710805,46.558417],[-63.676869,46.568061],[-63.49474,46.531155],[-63.497426,46.492011],[-63.456614,46.467434],[-63.428944,46.497463],[-63.463246,46.506293],[-63.332346,46.498847],[-63.305572,46.450995],[-63.250356,46.429877],[-63.238108,46.407416],[-63.194732,46.431138],[-63.081125,46.420885],[-62.849721,46.437405],[-62.823801,46.415107],[-62.819569,46.437405],[-62.764516,46.449042],[-62.585601,46.429877],[-62.70226,46.457221],[-62.585601,46.478339],[-62.264556,46.473782],[-62.18517,46.487006],[-62.004018,46.464057]]]}}]}